"","aka","date","page_number","partof_title"
"1","http://www.loc.gov/resource/sn83021194/1773-02-18/ed-1/?sp=1","1773-02-18",1,"the massachusetts spy, or, thomas's boston journal (boston [mass.]) 1772-1775"
"2","http://www.loc.gov/resource/sn84024741/1768-03-24/ed-1/?sp=1","1768-03-24",1,"the virginia gazette (williamsburg, va.) 1766-1776"
"3","http://www.loc.gov/resource/sn83021193/1772-02-20/ed-1/?sp=2","1772-02-20",2,"the massachusetts spy (boston [mass.]) 1770-1772"
"4","http://www.loc.gov/resource/sn84024741/1768-03-10/ed-1/?sp=1","1768-03-10",1,"the virginia gazette (williamsburg, va.) 1766-1776"
"5","http://www.loc.gov/resource/sn83025584/1780-08-12/ed-1/?sp=2","1780-08-12",2,"new-hampshire gazette, or, state journal and general advertiser (portsmouth, n.h.) 1778-1781"
"6","http://www.loc.gov/resource/sn83025584/1780-08-19/ed-1/?sp=2","1780-08-19",2,"new-hampshire gazette, or, state journal and general advertiser (portsmouth, n.h.) 1778-1781"
"7","http://www.loc.gov/resource/sn83025584/1780-08-12/ed-1/?sp=3","1780-08-12",3,"new-hampshire gazette, or, state journal and general advertiser (portsmouth, n.h.) 1778-1781"
"8","http://www.loc.gov/resource/sn84024742/1776-04-26/ed-1/?sp=5","1776-04-26",5,"the virginia gazette (williamsburg, va.) 1775-1780"
"9","http://www.loc.gov/resource/sn83021194/1773-11-26/ed-1/?sp=3","1773-11-26",3,"the massachusetts spy, or, thomas's boston journal (boston [mass.]) 1772-1775"
"10","http://www.loc.gov/resource/sn84024741/1768-03-03/ed-1/?sp=1","1768-03-03",1,"the virginia gazette (williamsburg, va.) 1766-1776"
"11","http://www.loc.gov/resource/sn84024742/1775-04-28/ed-1/?sp=7","1775-04-28",7,"the virginia gazette (williamsburg, va.) 1775-1780"
"12","http://www.loc.gov/resource/sn83021194/1773-10-07/ed-1/?sp=1","1773-10-07",1,"the massachusetts spy, or, thomas's boston journal (boston [mass.]) 1772-1775"
"13","http://www.loc.gov/resource/sn84020591/1765-09-21/ed-1/?sp=1","1765-09-21",1,"the constitutional courant (woodbridge, n.j.) 1765-1765"
"14","http://www.loc.gov/resource/sn84020591/1765-09-21/ed-2/?sp=1","1765-09-21",1,"the constitutional courant (woodbridge, n.j.) 1765-1765"
"15","http://www.loc.gov/resource/sn83025582/1775-03-24/ed-1/?sp=3","1775-03-24",3,"the new-hampshire gazette and historical chronicle (portsmouth, n.h.) 1763-1776"
"16","http://www.loc.gov/resource/sn83025584/1778-07-07/ed-1/?sp=2","1778-07-07",2,"new-hampshire gazette, or, state journal and general advertiser (portsmouth, n.h.) 1778-1781"
"17","http://www.loc.gov/resource/sn83025583/1777-03-15/ed-1/?sp=2","1777-03-15",2,"the freeman's journal, or, new-hampshire gazette (portsmouth, n.h.) 1776-1778"
"18","http://www.loc.gov/resource/sn83025582/1766-04-11/ed-1/?sp=3","1766-04-11",3,"the new-hampshire gazette and historical chronicle (portsmouth, n.h.) 1763-1776"
"19","http://www.loc.gov/resource/sn83025584/1780-09-16/ed-1/?sp=4","1780-09-16",4,"new-hampshire gazette, or, state journal and general advertiser (portsmouth, n.h.) 1778-1781"
"20","http://www.loc.gov/resource/sn83025894/1776-07-06/ed-1/?sp=1","1776-07-06",1,"the pennsylvania evening post (philadelphia, pa.) 1775-1781"
"21","http://www.loc.gov/resource/sn83025582/1774-09-30/ed-1/?sp=1","1774-09-30",1,"the new-hampshire gazette and historical chronicle (portsmouth, n.h.) 1763-1776"
"22","http://www.loc.gov/resource/sn84026371/1776-07-10/ed-1/?sp=1","1776-07-10",1,"the pennsylvania gazette (philadelphia, pa.) 1729-1778"
"23","http://www.loc.gov/resource/sn84024739/1768-10-27/ed-1/?sp=4","1768-10-27",4,"the virginia gazette (williamsburg [va.]) 1736-1781"
"24","http://www.loc.gov/resource/sn83021194/1774-01-20/ed-1/?sp=3","1774-01-20",3,"the massachusetts spy, or, thomas's boston journal (boston [mass.]) 1772-1775"
"25","http://www.loc.gov/resource/sn83021194/1774-06-02/ed-1/?sp=3","1774-06-02",3,"the massachusetts spy, or, thomas's boston journal (boston [mass.]) 1772-1775"
"26","http://www.loc.gov/resource/sn83021193/1771-08-08/ed-1/?sp=1","1771-08-08",1,"the massachusetts spy (boston [mass.]) 1770-1772"
"27","http://www.loc.gov/resource/sn83021193/1771-05-30/ed-1/?sp=1","1771-05-30",1,"the massachusetts spy (boston [mass.]) 1770-1772"
"28","http://www.loc.gov/resource/sn84024741/1774-04-21/ed-1/?sp=2","1774-04-21",2,"the virginia gazette (williamsburg, va.) 1766-1776"
"29","http://www.loc.gov/resource/sn83021193/1771-08-22/ed-1/?sp=1","1771-08-22",1,"the massachusetts spy (boston [mass.]) 1770-1772"
"30","http://www.loc.gov/resource/sn84024742/1775-05-26/ed-1/?sp=5","1775-05-26",5,"the virginia gazette (williamsburg, va.) 1775-1780"
"31","http://www.loc.gov/resource/sn84024742/1776-10-25/ed-1/?sp=1","1776-10-25",1,"the virginia gazette (williamsburg, va.) 1775-1780"
"32","http://www.loc.gov/resource/sn83021194/1772-12-17/ed-1/?sp=3","1772-12-17",3,"the massachusetts spy, or, thomas's boston journal (boston [mass.]) 1772-1775"
"33","http://www.loc.gov/resource/sn84024739/1776-07-06/ed-1/?sp=4","1776-07-06",4,"the virginia gazette (williamsburg [va.]) 1736-1781"
"34","http://www.loc.gov/resource/sn84024742/1775-03-10/ed-1/?sp=5","1775-03-10",5,"the virginia gazette (williamsburg, va.) 1775-1780"
"35","http://www.loc.gov/resource/sn83021194/1773-03-25/ed-1/?sp=3","1773-03-25",3,"the massachusetts spy, or, thomas's boston journal (boston [mass.]) 1772-1775"
"36","http://www.loc.gov/resource/sn84024739/1776-07-20/ed-1/?sp=2","1776-07-20",2,"the virginia gazette (williamsburg [va.]) 1736-1781"
"37","http://www.loc.gov/resource/sn84024742/1776-03-15/ed-1/?sp=6","1776-03-15",6,"the virginia gazette (williamsburg, va.) 1775-1780"
"38","http://www.loc.gov/resource/sn83020482/1776-07-18/ed-1/?sp=1","1776-07-18",1,"the new-england chronicle (boston [mass.]) 1776-1776"
"39","http://www.loc.gov/resource/sn83025582/1767-04-24/ed-1/?sp=1","1767-04-24",1,"the new-hampshire gazette and historical chronicle (portsmouth, n.h.) 1763-1776"
"40","http://www.loc.gov/resource/sn83025583/1777-04-12/ed-1/?sp=1","1777-04-12",1,"the freeman's journal, or, new-hampshire gazette (portsmouth, n.h.) 1776-1778"
"41","http://www.loc.gov/resource/sn83025585/1782-02-23/ed-1/?sp=1","1782-02-23",1,"the new-hampshire gazette and general advertiser (portsmouth [n.h.]) 1781-1784"
"42","http://www.loc.gov/resource/sn83025583/1777-01-28/ed-1/?sp=1","1777-01-28",1,"the freeman's journal, or, new-hampshire gazette (portsmouth, n.h.) 1776-1778"
"43","http://www.loc.gov/resource/sn83025584/1780-08-19/ed-1/?sp=4","1780-08-19",4,"new-hampshire gazette, or, state journal and general advertiser (portsmouth, n.h.) 1778-1781"
"44","http://www.loc.gov/resource/sn83021292/1776-07-22/ed-1/?sp=1","1776-07-22",1,"the boston gazette, or, country journal (boston [mass.]) 1755-1793"
"45","http://www.loc.gov/resource/sn83020452/1776-07-19/ed-1/?sp=1","1776-07-19",1,"the essex journal, and new-hampshire packet (newbury-port [mass.]) 1775-1776"
"46","http://www.loc.gov/resource/sn83021194/1773-02-04/ed-1/?sp=2","1773-02-04",2,"the massachusetts spy, or, thomas's boston journal (boston [mass.]) 1772-1775"
"47","http://www.loc.gov/resource/sn83025582/1775-07-04/ed-1/?sp=1","1775-07-04",1,"the new-hampshire gazette and historical chronicle (portsmouth, n.h.) 1763-1776"
"48","http://www.loc.gov/resource/sn83025584/1780-08-19/ed-1/?sp=1","1780-08-19",1,"new-hampshire gazette, or, state journal and general advertiser (portsmouth, n.h.) 1778-1781"
"49","http://www.loc.gov/resource/sn83025582/1767-05-01/ed-1/?sp=1","1767-05-01",1,"the new-hampshire gazette and historical chronicle (portsmouth, n.h.) 1763-1776"
"50","http://www.loc.gov/resource/sn84024742/1775-02-03/ed-1/?sp=3","1775-02-03",3,"the virginia gazette (williamsburg, va.) 1775-1780"
"51","http://www.loc.gov/resource/sn84024739/1767-10-01/ed-1/?sp=1","1767-10-01",1,"the virginia gazette (williamsburg [va.]) 1736-1781"
"52","http://www.loc.gov/resource/sn83021194/1774-03-17/ed-1/?sp=2","1774-03-17",2,"the massachusetts spy, or, thomas's boston journal (boston [mass.]) 1772-1775"
"53","http://www.loc.gov/resource/sn83025584/1780-07-15/ed-1/?sp=1","1780-07-15",1,"new-hampshire gazette, or, state journal and general advertiser (portsmouth, n.h.) 1778-1781"
"54","http://www.loc.gov/resource/sn83025583/1776-11-26/ed-1/?sp=2","1776-11-26",2,"the freeman's journal, or, new-hampshire gazette (portsmouth, n.h.) 1776-1778"
"55","http://www.loc.gov/resource/sn83021183/1778-02-19/ed-1/?sp=4","1778-02-19",4,"the newport gazette (newport [r.i.]) 1777-1779"
"56","http://www.loc.gov/resource/sn83025583/1776-10-29/ed-1/?sp=4","1776-10-29",4,"the freeman's journal, or, new-hampshire gazette (portsmouth, n.h.) 1776-1778"
"57","http://www.loc.gov/resource/sn83025582/1769-03-17/ed-1/?sp=1","1769-03-17",1,"the new-hampshire gazette and historical chronicle (portsmouth, n.h.) 1763-1776"
"58","http://www.loc.gov/resource/sn83021194/1774-10-13/ed-1/?sp=1","1774-10-13",1,"the massachusetts spy, or, thomas's boston journal (boston [mass.]) 1772-1775"
"59","http://www.loc.gov/resource/sn83021194/1774-12-29/ed-1/?sp=2","1774-12-29",2,"the massachusetts spy, or, thomas's boston journal (boston [mass.]) 1772-1775"
"60","http://www.loc.gov/resource/sn83021183/1777-10-23/ed-1/?sp=3","1777-10-23",3,"the newport gazette (newport [r.i.]) 1777-1779"
"61","http://www.loc.gov/resource/sn83025583/1776-08-24/ed-1/?sp=3","1776-08-24",3,"the freeman's journal, or, new-hampshire gazette (portsmouth, n.h.) 1776-1778"
"62","http://www.loc.gov/resource/sn83025582/1765-08-30/ed-1/?sp=1","1765-08-30",1,"the new-hampshire gazette and historical chronicle (portsmouth, n.h.) 1763-1776"
"63","http://www.loc.gov/resource/sn83025582/1765-11-15/ed-1/?sp=2","1765-11-15",2,"the new-hampshire gazette and historical chronicle (portsmouth, n.h.) 1763-1776"
"64","http://www.loc.gov/resource/sn83025582/1774-08-19/ed-1/?sp=4","1774-08-19",4,"the new-hampshire gazette and historical chronicle (portsmouth, n.h.) 1763-1776"
"65","http://www.loc.gov/resource/sn84024741/1768-03-31/ed-1/?sp=1","1768-03-31",1,"the virginia gazette (williamsburg, va.) 1766-1776"
"66","http://www.loc.gov/resource/sn83025898/1776-07-13/ed-1/?sp=2","1776-07-13",2,"the pennsylvania ledger, or, the virginia, maryland, pennsylvania, & new-jersey weekly advertiser (philadelphia, pa.) 1775-1776"
"67","http://www.loc.gov/resource/sn83025582/1768-09-23/ed-1/?sp=1","1768-09-23",1,"the new-hampshire gazette and historical chronicle (portsmouth, n.h.) 1763-1776"
"68","http://www.loc.gov/resource/sn83025582/1774-12-23/ed-1/?sp=1","1774-12-23",1,"the new-hampshire gazette and historical chronicle (portsmouth, n.h.) 1763-1776"
"69","http://www.loc.gov/resource/sn83025582/1774-09-16/ed-1/?sp=1","1774-09-16",1,"the new-hampshire gazette and historical chronicle (portsmouth, n.h.) 1763-1776"
"70","http://www.loc.gov/resource/sn84024741/1769-05-04/ed-1/?sp=1","1769-05-04",1,"the virginia gazette (williamsburg, va.) 1766-1776"
"71","http://www.loc.gov/resource/sn84024741/1772-03-12/ed-1/?sp=1","1772-03-12",1,"the virginia gazette (williamsburg, va.) 1766-1776"
"72","http://www.loc.gov/resource/sn84024741/1774-06-23/ed-1/?sp=1","1774-06-23",1,"the virginia gazette (williamsburg, va.) 1766-1776"
"73","http://www.loc.gov/resource/sn82016139/1776-07-15/ed-1/?sp=2","1776-07-15",2,"the connecticut courant and hartford weekly intelligencer (hartford, conn.) 1774-1778"
"74","http://www.loc.gov/resource/sn83021194/1774-01-20/ed-1/?sp=2","1774-01-20",2,"the massachusetts spy, or, thomas's boston journal (boston [mass.]) 1772-1775"
"75","http://www.loc.gov/resource/sn83025581/1760-04-25/ed-1/?sp=2","1760-04-25",2,"the new hampshire gazette (portsmouth, n.h.) 1756-1763"
"76","http://www.loc.gov/resource/sn83025582/1773-06-11/ed-1/?sp=4","1773-06-11",4,"the new-hampshire gazette and historical chronicle (portsmouth, n.h.) 1763-1776"
"77","http://www.loc.gov/resource/sn83021194/1773-10-14/ed-1/?sp=1","1773-10-14",1,"the massachusetts spy, or, thomas's boston journal (boston [mass.]) 1772-1775"
"78","http://www.loc.gov/resource/sn83021193/1772-01-09/ed-1/?sp=1","1772-01-09",1,"the massachusetts spy (boston [mass.]) 1770-1772"
"79","http://www.loc.gov/resource/sn84024739/1775-03-11/ed-1/?sp=1","1775-03-11",1,"the virginia gazette (williamsburg [va.]) 1736-1781"
"80","http://www.loc.gov/resource/sn84024741/1773-11-18/ed-1/?sp=2","1773-11-18",2,"the virginia gazette (williamsburg, va.) 1766-1776"
"81","http://www.loc.gov/resource/sn84024739/1775-06-17/ed-1/?sp=1","1775-06-17",1,"the virginia gazette (williamsburg [va.]) 1736-1781"
"82","http://www.loc.gov/resource/sn84024741/1769-04-27/ed-1/?sp=1","1769-04-27",1,"the virginia gazette (williamsburg, va.) 1766-1776"
"83","http://www.loc.gov/resource/sn83021194/1774-07-16/ed-1/?sp=2","1774-07-16",2,"the massachusetts spy, or, thomas's boston journal (boston [mass.]) 1772-1775"
"84","http://www.loc.gov/resource/sn83021194/1774-05-19/ed-1/?sp=2","1774-05-19",2,"the massachusetts spy, or, thomas's boston journal (boston [mass.]) 1772-1775"
"85","http://www.loc.gov/resource/sn83025582/1774-05-20/ed-1/?sp=4","1774-05-20",4,"the new-hampshire gazette and historical chronicle (portsmouth, n.h.) 1763-1776"
"86","http://www.loc.gov/resource/sn83025582/1772-10-09/ed-1/?sp=2","1772-10-09",2,"the new-hampshire gazette and historical chronicle (portsmouth, n.h.) 1763-1776"
"87","http://www.loc.gov/resource/sn83025582/1770-09-21/ed-1/?sp=3","1770-09-21",3,"the new-hampshire gazette and historical chronicle (portsmouth, n.h.) 1763-1776"
"88","http://www.loc.gov/resource/sn83021193/1771-10-24/ed-1/?sp=1","1771-10-24",1,"the massachusetts spy (boston [mass.]) 1770-1772"
"89","http://www.loc.gov/resource/sn83021193/1772-02-20/ed-1/?sp=3","1772-02-20",3,"the massachusetts spy (boston [mass.]) 1770-1772"
"90","http://www.loc.gov/resource/sn83021194/1773-09-16/ed-1/?sp=1","1773-09-16",1,"the massachusetts spy, or, thomas's boston journal (boston [mass.]) 1772-1775"
"91","http://www.loc.gov/resource/sn83021193/1772-05-21/ed-1/?sp=1","1772-05-21",1,"the massachusetts spy (boston [mass.]) 1770-1772"
"92","http://www.loc.gov/resource/sn83021194/1773-04-08/ed-1/?sp=1","1773-04-08",1,"the massachusetts spy, or, thomas's boston journal (boston [mass.]) 1772-1775"
"93","http://www.loc.gov/resource/sn83021193/1772-03-05/ed-1/?sp=1","1772-03-05",1,"the massachusetts spy (boston [mass.]) 1770-1772"
"94","http://www.loc.gov/resource/sn84024739/1775-05-27/ed-1/?sp=1","1775-05-27",1,"the virginia gazette (williamsburg [va.]) 1736-1781"
"95","http://www.loc.gov/resource/sn84024739/1775-12-16/ed-1/?sp=2","1775-12-16",2,"the virginia gazette (williamsburg [va.]) 1736-1781"
"96","http://www.loc.gov/resource/sn84024739/1775-12-30/ed-1/?sp=2","1775-12-30",2,"the virginia gazette (williamsburg [va.]) 1736-1781"
"97","http://www.loc.gov/resource/sn84024739/1776-05-18/ed-1/?sp=2","1776-05-18",2,"the virginia gazette (williamsburg [va.]) 1736-1781"
"98","http://www.loc.gov/resource/sn84024739/1768-09-22/ed-1/?sp=1","1768-09-22",1,"the virginia gazette (williamsburg [va.]) 1736-1781"
"99","http://www.loc.gov/resource/sn85047530/1774-07-27/ed-1/?sp=1","1774-07-27",1,"the pennsylvania journal, or, weekly advertiser (philadelphia, pa.) 1742-1793"
"100","http://www.loc.gov/resource/sn83025582/1774-05-27/ed-1/?sp=4","1774-05-27",4,"the new-hampshire gazette and historical chronicle (portsmouth, n.h.) 1763-1776"
"101","http://www.loc.gov/resource/sn83025582/1770-12-07/ed-1/?sp=1","1770-12-07",1,"the new-hampshire gazette and historical chronicle (portsmouth, n.h.) 1763-1776"
"102","http://www.loc.gov/resource/sn83021194/1773-08-19/ed-1/?sp=3","1773-08-19",3,"the massachusetts spy, or, thomas's boston journal (boston [mass.]) 1772-1775"
"103","http://www.loc.gov/resource/sn83021193/1772-04-23/ed-1/?sp=2","1772-04-23",2,"the massachusetts spy (boston [mass.]) 1770-1772"
"104","http://www.loc.gov/resource/sn83021193/1771-08-29/ed-1/?sp=3","1771-08-29",3,"the massachusetts spy (boston [mass.]) 1770-1772"
"105","http://www.loc.gov/resource/sn83021194/1774-07-15/ed-1/?sp=3","1774-07-15",3,"the massachusetts spy, or, thomas's boston journal (boston [mass.]) 1772-1775"
"106","http://www.loc.gov/resource/sn83021194/1774-05-26/ed-1/?sp=2","1774-05-26",2,"the massachusetts spy, or, thomas's boston journal (boston [mass.]) 1772-1775"
"107","http://www.loc.gov/resource/sn84024741/1774-12-22/ed-1/?sp=2","1774-12-22",2,"the virginia gazette (williamsburg, va.) 1766-1776"
"108","http://www.loc.gov/resource/sn83025582/1770-08-17/ed-1/?sp=2","1770-08-17",2,"the new-hampshire gazette and historical chronicle (portsmouth, n.h.) 1763-1776"
"109","http://www.loc.gov/resource/sn83025582/1774-07-08/ed-1/?sp=2","1774-07-08",2,"the new-hampshire gazette and historical chronicle (portsmouth, n.h.) 1763-1776"
"110","http://www.loc.gov/resource/sn83021193/1771-12-26/ed-1/?sp=2","1771-12-26",2,"the massachusetts spy (boston [mass.]) 1770-1772"
"111","http://www.loc.gov/resource/sn83021193/1772-01-02/ed-1/?sp=2","1772-01-02",2,"the massachusetts spy (boston [mass.]) 1770-1772"
"112","http://www.loc.gov/resource/sn83021193/1772-07-30/ed-1/?sp=2","1772-07-30",2,"the massachusetts spy (boston [mass.]) 1770-1772"
"113","http://www.loc.gov/resource/sn83021193/1772-07-30/ed-1/?sp=3","1772-07-30",3,"the massachusetts spy (boston [mass.]) 1770-1772"
"114","http://www.loc.gov/resource/sn84024741/1768-03-24/ed-1/?sp=2","1768-03-24",2,"the virginia gazette (williamsburg, va.) 1766-1776"
"115","http://www.loc.gov/resource/sn84024739/1775-10-28/ed-1/?sp=2","1775-10-28",2,"the virginia gazette (williamsburg [va.]) 1736-1781"
"116","http://www.loc.gov/resource/sn83025582/1775-08-22/ed-1/?sp=1","1775-08-22",1,"the new-hampshire gazette and historical chronicle (portsmouth, n.h.) 1763-1776"
"117","http://www.loc.gov/resource/sn83025582/1775-07-18/ed-1/?sp=1","1775-07-18",1,"the new-hampshire gazette and historical chronicle (portsmouth, n.h.) 1763-1776"
"118","http://www.loc.gov/resource/sn83025582/1774-08-19/ed-1/?sp=2","1774-08-19",2,"the new-hampshire gazette and historical chronicle (portsmouth, n.h.) 1763-1776"
"119","http://www.loc.gov/resource/sn83021194/1773-09-02/ed-1/?sp=3","1773-09-02",3,"the massachusetts spy, or, thomas's boston journal (boston [mass.]) 1772-1775"
"120","http://www.loc.gov/resource/sn83021194/1773-11-11/ed-1/?sp=2","1773-11-11",2,"the massachusetts spy, or, thomas's boston journal (boston [mass.]) 1772-1775"
"121","http://www.loc.gov/resource/sn83021193/1772-05-14/ed-1/?sp=2","1772-05-14",2,"the massachusetts spy (boston [mass.]) 1770-1772"
"122","http://www.loc.gov/resource/sn85047530/1775-12-27/ed-1/?sp=2","1775-12-27",2,"the pennsylvania journal, or, weekly advertiser (philadelphia, pa.) 1742-1793"
"123","http://www.loc.gov/resource/sn83025582/1771-05-17/ed-1/?sp=2","1771-05-17",2,"the new-hampshire gazette and historical chronicle (portsmouth, n.h.) 1763-1776"
"124","http://www.loc.gov/resource/sn84024739/1773-08-26/ed-1/?sp=1","1773-08-26",1,"the virginia gazette (williamsburg [va.]) 1736-1781"
"125","http://www.loc.gov/resource/sn83025581/1756-10-28/ed-1/?sp=1","1756-10-28",1,"the new hampshire gazette (portsmouth, n.h.) 1756-1763"
"126","http://www.loc.gov/resource/sn83021194/1773-01-21/ed-1/?sp=6","1773-01-21",6,"the massachusetts spy, or, thomas's boston journal (boston [mass.]) 1772-1775"
"127","http://www.loc.gov/resource/sn83020494/1776-07-16/ed-1/?sp=1","1776-07-16",1,"the american gazette, or, the constitutional journal (salem, mass.) 1776-1776"
"128","http://www.loc.gov/resource/sn83021194/1774-03-10/ed-1/?sp=1","1774-03-10",1,"the massachusetts spy, or, thomas's boston journal (boston [mass.]) 1772-1775"
"129","http://www.loc.gov/resource/sn83021194/1774-10-20/ed-1/?sp=1","1774-10-20",1,"the massachusetts spy, or, thomas's boston journal (boston [mass.]) 1772-1775"
"130","http://www.loc.gov/resource/sn83021194/1774-10-27/ed-1/?sp=1","1774-10-27",1,"the massachusetts spy, or, thomas's boston journal (boston [mass.]) 1772-1775"
"131","http://www.loc.gov/resource/sn83021193/1770-12-24/ed-1/?sp=1","1770-12-24",1,"the massachusetts spy (boston [mass.]) 1770-1772"
"132","http://www.loc.gov/resource/sn84024739/1776-09-07/ed-1/?sp=4","1776-09-07",4,"the virginia gazette (williamsburg [va.]) 1736-1781"
"133","http://www.loc.gov/resource/sn84024739/1737-05-13/ed-1/?sp=1","1737-05-13",1,"the virginia gazette (williamsburg [va.]) 1736-1781"
"134","http://www.loc.gov/resource/sn84024739/1746-01-09/ed-1/?sp=1","1746-01-09",1,"the virginia gazette (williamsburg [va.]) 1736-1781"
"135","http://www.loc.gov/resource/sn84024742/1775-10-13/ed-1/?sp=5","1775-10-13",5,"the virginia gazette (williamsburg, va.) 1775-1780"
"136","http://www.loc.gov/resource/sn84024742/1775-10-20/ed-1/?sp=5","1775-10-20",5,"the virginia gazette (williamsburg, va.) 1775-1780"
"137","http://www.loc.gov/resource/sn84024739/1774-10-06/ed-1/?sp=2","1774-10-06",2,"the virginia gazette (williamsburg [va.]) 1736-1781"
"138","http://www.loc.gov/resource/sn84024741/1774-10-06/ed-1/?sp=2","1774-10-06",2,"the virginia gazette (williamsburg, va.) 1766-1776"
"139","http://www.loc.gov/resource/sn84024739/1771-06-06/ed-1/?sp=2","1771-06-06",2,"the virginia gazette (williamsburg [va.]) 1736-1781"
"140","http://www.loc.gov/resource/sn83025583/1777-04-26/ed-1/?sp=1","1777-04-26",1,"the freeman's journal, or, new-hampshire gazette (portsmouth, n.h.) 1776-1778"
"141","http://www.loc.gov/resource/sn84024739/1776-07-06/ed-1/?sp=2","1776-07-06",2,"the virginia gazette (williamsburg [va.]) 1736-1781"
"142","http://www.loc.gov/resource/sn84024739/1776-07-06/ed-2/?sp=2","1776-07-06",2,"the virginia gazette (williamsburg [va.]) 1736-1781"
"143","http://www.loc.gov/resource/sn84024739/1751-06-06/ed-1/?sp=1","1751-06-06",1,"the virginia gazette (williamsburg [va.]) 1736-1781"
"144","http://www.loc.gov/resource/sn83021193/1770-11-05/ed-1/?sp=2","1770-11-05",2,"the massachusetts spy (boston [mass.]) 1770-1772"
"145","http://www.loc.gov/resource/sn83021193/1770-11-19/ed-1/?sp=1","1770-11-19",1,"the massachusetts spy (boston [mass.]) 1770-1772"
"146","http://www.loc.gov/resource/sn83021193/1770-12-17/ed-1/?sp=1","1770-12-17",1,"the massachusetts spy (boston [mass.]) 1770-1772"
"147","http://www.loc.gov/resource/sn83021193/1771-01-07/ed-1/?sp=2","1771-01-07",2,"the massachusetts spy (boston [mass.]) 1770-1772"
"148","http://www.loc.gov/resource/sn83021194/1774-03-24/ed-1/?sp=2","1774-03-24",2,"the massachusetts spy, or, thomas's boston journal (boston [mass.]) 1772-1775"
"149","http://www.loc.gov/resource/sn83021194/1774-09-22/ed-1/?sp=1","1774-09-22",1,"the massachusetts spy, or, thomas's boston journal (boston [mass.]) 1772-1775"
"150","http://www.loc.gov/resource/sn83025583/1776-09-28/ed-1/?sp=1","1776-09-28",1,"the freeman's journal, or, new-hampshire gazette (portsmouth, n.h.) 1776-1778"
"151","http://www.loc.gov/resource/sn83025583/1776-07-20/ed-1/?sp=3","1776-07-20",3,"the freeman's journal, or, new-hampshire gazette (portsmouth, n.h.) 1776-1778"
"152","http://www.loc.gov/resource/sn84024739/1777-02-07/ed-1/?sp=2","1777-02-07",2,"the virginia gazette (williamsburg [va.]) 1736-1781"
"153","http://www.loc.gov/resource/sn84024742/1776-07-26/ed-1/?sp=1","1776-07-26",1,"the virginia gazette (williamsburg, va.) 1775-1780"
"154","http://www.loc.gov/resource/sn84024739/1776-09-27/ed-1/?sp=1","1776-09-27",1,"the virginia gazette (williamsburg [va.]) 1736-1781"
"155","http://www.loc.gov/resource/sn84024739/1776-08-24/ed-1/?sp=7","1776-08-24",7,"the virginia gazette (williamsburg [va.]) 1736-1781"
"156","http://www.loc.gov/resource/sn84024739/1737-03-04/ed-1/?sp=3","1737-03-04",3,"the virginia gazette (williamsburg [va.]) 1736-1781"
"157","http://www.loc.gov/resource/sn84024739/1776-08-10/ed-1/?sp=1","1776-08-10",1,"the virginia gazette (williamsburg [va.]) 1736-1781"
"158","http://www.loc.gov/resource/sn84024742/1776-07-26/ed-2/?sp=1","1776-07-26",1,"the virginia gazette (williamsburg, va.) 1775-1780"
"159","http://www.loc.gov/resource/sn83021183/1779-03-25/ed-1/?sp=1","1779-03-25",1,"the newport gazette (newport [r.i.]) 1777-1779"
"160","http://www.loc.gov/resource/sn83025583/1776-07-20/ed-1/?sp=1","1776-07-20",1,"the freeman's journal, or, new-hampshire gazette (portsmouth, n.h.) 1776-1778"
"161","http://www.loc.gov/resource/sn83025583/1776-07-13/ed-1/?sp=1","1776-07-13",1,"the freeman's journal, or, new-hampshire gazette (portsmouth, n.h.) 1776-1778"
"162","http://www.loc.gov/resource/sn84024739/1777-02-14/ed-1/?sp=1","1777-02-14",1,"the virginia gazette (williamsburg [va.]) 1736-1781"
"163","http://www.loc.gov/resource/sn84024739/1776-07-06/ed-2/?sp=4","1776-07-06",4,"the virginia gazette (williamsburg [va.]) 1736-1781"
"164","http://www.loc.gov/resource/sn84024742/1776-01-19/ed-1/?sp=1","1776-01-19",1,"the virginia gazette (williamsburg, va.) 1775-1780"
"165","http://www.loc.gov/resource/sn84024739/1737-07-22/ed-1/?sp=2","1737-07-22",2,"the virginia gazette (williamsburg [va.]) 1736-1781"
"166","http://www.loc.gov/resource/sn83021194/1774-06-23/ed-1/?sp=3","1774-06-23",3,"the massachusetts spy, or, thomas's boston journal (boston [mass.]) 1772-1775"
"167","http://www.loc.gov/resource/sn83021194/1774-06-02/ed-1/?sp=2","1774-06-02",2,"the massachusetts spy, or, thomas's boston journal (boston [mass.]) 1772-1775"
"168","http://www.loc.gov/resource/sn83025584/1779-08-03/ed-1/?sp=1","1779-08-03",1,"new-hampshire gazette, or, state journal and general advertiser (portsmouth, n.h.) 1778-1781"
"169","http://www.loc.gov/resource/sn83025585/1782-10-05/ed-1/?sp=1","1782-10-05",1,"the new-hampshire gazette and general advertiser (portsmouth [n.h.]) 1781-1784"
"170","http://www.loc.gov/resource/sn83025583/1776-06-29/ed-1/?sp=1","1776-06-29",1,"the freeman's journal, or, new-hampshire gazette (portsmouth, n.h.) 1776-1778"
"171","http://www.loc.gov/resource/sn83025584/1779-02-02/ed-1/?sp=1","1779-02-02",1,"new-hampshire gazette, or, state journal and general advertiser (portsmouth, n.h.) 1778-1781"
"172","http://www.loc.gov/resource/sn83025585/1782-01-12/ed-1/?sp=1","1782-01-12",1,"the new-hampshire gazette and general advertiser (portsmouth [n.h.]) 1781-1784"
"173","http://www.loc.gov/resource/sn83025585/1782-10-12/ed-1/?sp=1","1782-10-12",1,"the new-hampshire gazette and general advertiser (portsmouth [n.h.]) 1781-1784"
"174","http://www.loc.gov/resource/sn83025581/1761-01-23/ed-1/?sp=2","1761-01-23",2,"the new hampshire gazette (portsmouth, n.h.) 1756-1763"
"175","http://www.loc.gov/resource/sn83025582/1766-01-24/ed-1/?sp=4","1766-01-24",4,"the new-hampshire gazette and historical chronicle (portsmouth, n.h.) 1763-1776"
"176","http://www.loc.gov/resource/sn83025584/1779-02-09/ed-1/?sp=1","1779-02-09",1,"new-hampshire gazette, or, state journal and general advertiser (portsmouth, n.h.) 1778-1781"
"177","http://www.loc.gov/resource/sn83021183/1779-08-05/ed-1/?sp=1","1779-08-05",1,"the newport gazette (newport [r.i.]) 1777-1779"
"178","http://www.loc.gov/resource/sn84024739/1777-01-31/ed-1/?sp=1","1777-01-31",1,"the virginia gazette (williamsburg [va.]) 1736-1781"
"179","http://www.loc.gov/resource/sn84024742/1777-01-10/ed-1/?sp=1","1777-01-10",1,"the virginia gazette (williamsburg, va.) 1775-1780"
"180","http://www.loc.gov/resource/sn84024739/1777-01-10/ed-1/?sp=1","1777-01-10",1,"the virginia gazette (williamsburg [va.]) 1736-1781"
"181","http://www.loc.gov/resource/sn84024742/1775-08-11/ed-1/?sp=5","1775-08-11",5,"the virginia gazette (williamsburg, va.) 1775-1780"
"182","http://www.loc.gov/resource/sn84024739/1777-01-24/ed-1/?sp=1","1777-01-24",1,"the virginia gazette (williamsburg [va.]) 1736-1781"
"183","http://www.loc.gov/resource/sn84024739/1777-08-15/ed-1/?sp=2","1777-08-15",2,"the virginia gazette (williamsburg [va.]) 1736-1781"
"184","http://www.loc.gov/resource/sn84024739/1776-07-20/ed-2/?sp=2","1776-07-20",2,"the virginia gazette (williamsburg [va.]) 1736-1781"
"185","http://www.loc.gov/resource/sn84024742/1775-04-28/ed-1/?sp=8","1775-04-28",8,"the virginia gazette (williamsburg, va.) 1775-1780"
"186","http://www.loc.gov/resource/sn83021194/1774-07-07/ed-2/?sp=2","1774-07-07",2,"the massachusetts spy, or, thomas's boston journal (boston [mass.]) 1772-1775"
"187","http://www.loc.gov/resource/sn83025583/1776-09-14/ed-1/?sp=1","1776-09-14",1,"the freeman's journal, or, new-hampshire gazette (portsmouth, n.h.) 1776-1778"
"188","http://www.loc.gov/resource/sn83025583/1776-06-08/ed-1/?sp=1","1776-06-08",1,"the freeman's journal, or, new-hampshire gazette (portsmouth, n.h.) 1776-1778"
"189","http://www.loc.gov/resource/sn83025583/1777-02-11/ed-1/?sp=1","1777-02-11",1,"the freeman's journal, or, new-hampshire gazette (portsmouth, n.h.) 1776-1778"
"190","http://www.loc.gov/resource/sn83025585/1782-06-01/ed-1/?sp=1","1782-06-01",1,"the new-hampshire gazette and general advertiser (portsmouth [n.h.]) 1781-1784"
"191","http://www.loc.gov/resource/sn83025582/1764-01-20/ed-1/?sp=1","1764-01-20",1,"the new-hampshire gazette and historical chronicle (portsmouth, n.h.) 1763-1776"
"192","http://www.loc.gov/resource/sn83025582/1763-06-10/ed-1/?sp=2","1763-06-10",2,"the new-hampshire gazette and historical chronicle (portsmouth, n.h.) 1763-1776"
"193","http://www.loc.gov/resource/sn83025583/1777-03-04/ed-1/?sp=1","1777-03-04",1,"the freeman's journal, or, new-hampshire gazette (portsmouth, n.h.) 1776-1778"
"194","http://www.loc.gov/resource/sn83025583/1777-02-25/ed-1/?sp=2","1777-02-25",2,"the freeman's journal, or, new-hampshire gazette (portsmouth, n.h.) 1776-1778"
"195","http://www.loc.gov/resource/sn83025584/1781-04-02/ed-1/?sp=2","1781-04-02",2,"new-hampshire gazette, or, state journal and general advertiser (portsmouth, n.h.) 1778-1781"
"196","http://www.loc.gov/resource/sn83025583/1776-07-06/ed-1/?sp=1","1776-07-06",1,"the freeman's journal, or, new-hampshire gazette (portsmouth, n.h.) 1776-1778"
"197","http://www.loc.gov/resource/sn83025584/1778-12-29/ed-1/?sp=1","1778-12-29",1,"new-hampshire gazette, or, state journal and general advertiser (portsmouth, n.h.) 1778-1781"
"198","http://www.loc.gov/resource/sn83025585/1783-07-26/ed-1/?sp=1","1783-07-26",1,"the new-hampshire gazette and general advertiser (portsmouth [n.h.]) 1781-1784"
"199","http://www.loc.gov/resource/sn83025585/1783-12-27/ed-1/?sp=2","1783-12-27",2,"the new-hampshire gazette and general advertiser (portsmouth [n.h.]) 1781-1784"
"200","http://www.loc.gov/resource/sn83021194/1774-10-20/ed-1/?sp=2","1774-10-20",2,"the massachusetts spy, or, thomas's boston journal (boston [mass.]) 1772-1775"
"201","http://www.loc.gov/resource/sn84024742/1776-07-05/ed-1/?sp=5","1776-07-05",5,"the virginia gazette (williamsburg, va.) 1775-1780"
"202","http://www.loc.gov/resource/sn84024742/1775-08-04/ed-1/?sp=8","1775-08-04",8,"the virginia gazette (williamsburg, va.) 1775-1780"
"203","http://www.loc.gov/resource/sn84024742/1776-07-05/ed-2/?sp=7","1776-07-05",7,"the virginia gazette (williamsburg, va.) 1775-1780"
"204","http://www.loc.gov/resource/sn84024739/1767-04-09/ed-1/?sp=1","1767-04-09",1,"the virginia gazette (williamsburg [va.]) 1736-1781"
"205","http://www.loc.gov/resource/sn84024742/1775-06-16/ed-1/?sp=5","1775-06-16",5,"the virginia gazette (williamsburg, va.) 1775-1780"
"206","http://www.loc.gov/resource/sn84024742/1775-07-21/ed-1/?sp=7","1775-07-21",7,"the virginia gazette (williamsburg, va.) 1775-1780"
"207","http://www.loc.gov/resource/sn84024742/1777-03-14/ed-1/?sp=2","1777-03-14",2,"the virginia gazette (williamsburg, va.) 1775-1780"
"208","http://www.loc.gov/resource/sn84024739/1777-04-11/ed-1/?sp=2","1777-04-11",2,"the virginia gazette (williamsburg [va.]) 1736-1781"
"209","http://www.loc.gov/resource/sn84024739/1780-12-30/ed-1/?sp=1","1780-12-30",1,"the virginia gazette (williamsburg [va.]) 1736-1781"
"210","http://www.loc.gov/resource/sn84024739/1751-03-07/ed-1/?sp=1","1751-03-07",1,"the virginia gazette (williamsburg [va.]) 1736-1781"
"211","http://www.loc.gov/resource/sn84024742/1775-05-26/ed-1/?sp=7","1775-05-26",7,"the virginia gazette (williamsburg, va.) 1775-1780"
"212","http://www.loc.gov/resource/sn84024742/1775-05-26/ed-1/?sp=8","1775-05-26",8,"the virginia gazette (williamsburg, va.) 1775-1780"
"213","http://www.loc.gov/resource/sn84024742/1775-07-21/ed-1/?sp=10","1775-07-21",10,"the virginia gazette (williamsburg, va.) 1775-1780"
"214","http://www.loc.gov/resource/sn84024742/1775-05-19/ed-1/?sp=8","1775-05-19",8,"the virginia gazette (williamsburg, va.) 1775-1780"
"215","http://www.loc.gov/resource/sn84024742/1776-05-10/ed-1/?sp=2","1776-05-10",2,"the virginia gazette (williamsburg, va.) 1775-1780"
"216","http://www.loc.gov/resource/sn84024742/1776-05-03/ed-1/?sp=3","1776-05-03",3,"the virginia gazette (williamsburg, va.) 1775-1780"
"217","http://www.loc.gov/resource/sn84024742/1776-04-12/ed-1/?sp=2","1776-04-12",2,"the virginia gazette (williamsburg, va.) 1775-1780"
"218","http://www.loc.gov/resource/sn84024742/1776-08-16/ed-1/?sp=3","1776-08-16",3,"the virginia gazette (williamsburg, va.) 1775-1780"
"219","http://www.loc.gov/resource/sn84024742/1777-08-22/ed-1/?sp=2","1777-08-22",2,"the virginia gazette (williamsburg, va.) 1775-1780"
"220","http://www.loc.gov/resource/sn84024740/1766-05-30/ed-1/?sp=3","1766-05-30",3,"rind's virginia gazette (williamsburg [va.]) 1766-1766"
"221","http://www.loc.gov/resource/sn83025585/1782-08-31/ed-1/?sp=2","1782-08-31",2,"the new-hampshire gazette and general advertiser (portsmouth [n.h.]) 1781-1784"
"222","http://www.loc.gov/resource/sn83025582/1764-09-28/ed-1/?sp=3","1764-09-28",3,"the new-hampshire gazette and historical chronicle (portsmouth, n.h.) 1763-1776"
"223","http://www.loc.gov/resource/sn83025585/1783-05-10/ed-1/?sp=1","1783-05-10",1,"the new-hampshire gazette and general advertiser (portsmouth [n.h.]) 1781-1784"
"224","http://www.loc.gov/resource/sn83025584/1780-06-17/ed-1/?sp=1","1780-06-17",1,"new-hampshire gazette, or, state journal and general advertiser (portsmouth, n.h.) 1778-1781"
"225","http://www.loc.gov/resource/sn83025584/1780-09-09/ed-1/?sp=1","1780-09-09",1,"new-hampshire gazette, or, state journal and general advertiser (portsmouth, n.h.) 1778-1781"
"226","http://www.loc.gov/resource/sn83025583/1776-10-05/ed-1/?sp=4","1776-10-05",4,"the freeman's journal, or, new-hampshire gazette (portsmouth, n.h.) 1776-1778"
"227","http://www.loc.gov/resource/sn83025584/1778-10-27/ed-1/?sp=1","1778-10-27",1,"new-hampshire gazette, or, state journal and general advertiser (portsmouth, n.h.) 1778-1781"
"228","http://www.loc.gov/resource/sn83025584/1778-12-15/ed-1/?sp=1","1778-12-15",1,"new-hampshire gazette, or, state journal and general advertiser (portsmouth, n.h.) 1778-1781"
"229","http://www.loc.gov/resource/sn83025585/1782-07-13/ed-1/?sp=1","1782-07-13",1,"the new-hampshire gazette and general advertiser (portsmouth [n.h.]) 1781-1784"
"230","http://www.loc.gov/resource/sn83025581/1762-09-10/ed-1/?sp=1","1762-09-10",1,"the new hampshire gazette (portsmouth, n.h.) 1756-1763"
"231","http://www.loc.gov/resource/sn83025582/1767-02-27/ed-1/?sp=1","1767-02-27",1,"the new-hampshire gazette and historical chronicle (portsmouth, n.h.) 1763-1776"
"232","http://www.loc.gov/resource/sn83025582/1769-04-07/ed-1/?sp=1","1769-04-07",1,"the new-hampshire gazette and historical chronicle (portsmouth, n.h.) 1763-1776"
"233","http://www.loc.gov/resource/sn83025582/1771-07-26/ed-1/?sp=1","1771-07-26",1,"the new-hampshire gazette and historical chronicle (portsmouth, n.h.) 1763-1776"
"234","http://www.loc.gov/resource/sn83025582/1773-06-18/ed-1/?sp=1","1773-06-18",1,"the new-hampshire gazette and historical chronicle (portsmouth, n.h.) 1763-1776"
"235","http://www.loc.gov/resource/sn83025582/1772-12-11/ed-1/?sp=1","1772-12-11",1,"the new-hampshire gazette and historical chronicle (portsmouth, n.h.) 1763-1776"
"236","http://www.loc.gov/resource/sn83025582/1774-12-30/ed-1/?sp=2","1774-12-30",2,"the new-hampshire gazette and historical chronicle (portsmouth, n.h.) 1763-1776"
"237","http://www.loc.gov/resource/sn83025585/1783-10-25/ed-1/?sp=1","1783-10-25",1,"the new-hampshire gazette and general advertiser (portsmouth [n.h.]) 1781-1784"
"238","http://www.loc.gov/resource/sn83025582/1774-11-18/ed-1/?sp=2","1774-11-18",2,"the new-hampshire gazette and historical chronicle (portsmouth, n.h.) 1763-1776"
"239","http://www.loc.gov/resource/sn83025582/1774-09-23/ed-1/?sp=1","1774-09-23",1,"the new-hampshire gazette and historical chronicle (portsmouth, n.h.) 1763-1776"
"240","http://www.loc.gov/resource/sn83021183/1777-03-27/ed-1/?sp=4","1777-03-27",4,"the newport gazette (newport [r.i.]) 1777-1779"
"241","http://www.loc.gov/resource/sn84024742/1776-06-07/ed-1/?sp=2","1776-06-07",2,"the virginia gazette (williamsburg, va.) 1775-1780"
"242","http://www.loc.gov/resource/sn83020494/1776-07-16/ed-1/?sp=4","1776-07-16",4,"the american gazette, or, the constitutional journal (salem, mass.) 1776-1776"
"243","http://www.loc.gov/resource/sn84024742/1776-07-05/ed-1/?sp=2","1776-07-05",2,"the virginia gazette (williamsburg, va.) 1775-1780"
"244","http://www.loc.gov/resource/sn84024739/1778-04-24/ed-1/?sp=1","1778-04-24",1,"the virginia gazette (williamsburg [va.]) 1736-1781"
"245","http://www.loc.gov/resource/sn84024742/1775-06-30/ed-1/?sp=6","1775-06-30",6,"the virginia gazette (williamsburg, va.) 1775-1780"
"246","http://www.loc.gov/resource/sn84024742/1775-12-29/ed-1/?sp=2","1775-12-29",2,"the virginia gazette (williamsburg, va.) 1775-1780"
"247","http://www.loc.gov/resource/sn84024742/1776-02-23/ed-1/?sp=2","1776-02-23",2,"the virginia gazette (williamsburg, va.) 1775-1780"
"248","http://www.loc.gov/resource/sn84024742/1776-05-24/ed-1/?sp=3","1776-05-24",3,"the virginia gazette (williamsburg, va.) 1775-1780"
"249","http://www.loc.gov/resource/sn84024742/1776-03-15/ed-1/?sp=5","1776-03-15",5,"the virginia gazette (williamsburg, va.) 1775-1780"
"250","http://www.loc.gov/resource/sn83025583/1777-01-28/ed-1/?sp=2","1777-01-28",2,"the freeman's journal, or, new-hampshire gazette (portsmouth, n.h.) 1776-1778"
"251","http://www.loc.gov/resource/sn83025583/1777-01-07/ed-1/?sp=4","1777-01-07",4,"the freeman's journal, or, new-hampshire gazette (portsmouth, n.h.) 1776-1778"
"252","http://www.loc.gov/resource/sn83025582/1775-10-03/ed-1/?sp=1","1775-10-03",1,"the new-hampshire gazette and historical chronicle (portsmouth, n.h.) 1763-1776"
"253","http://www.loc.gov/resource/sn83025582/1769-02-24/ed-1/?sp=1","1769-02-24",1,"the new-hampshire gazette and historical chronicle (portsmouth, n.h.) 1763-1776"
"254","http://www.loc.gov/resource/sn83025583/1777-04-12/ed-1/?sp=4","1777-04-12",4,"the freeman's journal, or, new-hampshire gazette (portsmouth, n.h.) 1776-1778"
"255","http://www.loc.gov/resource/sn83025583/1776-10-22/ed-1/?sp=4","1776-10-22",4,"the freeman's journal, or, new-hampshire gazette (portsmouth, n.h.) 1776-1778"
"256","http://www.loc.gov/resource/sn83025583/1776-08-03/ed-1/?sp=4","1776-08-03",4,"the freeman's journal, or, new-hampshire gazette (portsmouth, n.h.) 1776-1778"
"257","http://www.loc.gov/resource/sn83025584/1778-11-24/ed-1/?sp=1","1778-11-24",1,"new-hampshire gazette, or, state journal and general advertiser (portsmouth, n.h.) 1778-1781"
"258","http://www.loc.gov/resource/sn83025584/1778-09-22/ed-1/?sp=1","1778-09-22",1,"new-hampshire gazette, or, state journal and general advertiser (portsmouth, n.h.) 1778-1781"
"259","http://www.loc.gov/resource/sn83025582/1766-10-10/ed-1/?sp=4","1766-10-10",4,"the new-hampshire gazette and historical chronicle (portsmouth, n.h.) 1763-1776"
"260","http://www.loc.gov/resource/sn83025582/1769-02-17/ed-1/?sp=1","1769-02-17",1,"the new-hampshire gazette and historical chronicle (portsmouth, n.h.) 1763-1776"
"261","http://www.loc.gov/resource/sn83025582/1769-03-03/ed-1/?sp=1","1769-03-03",1,"the new-hampshire gazette and historical chronicle (portsmouth, n.h.) 1763-1776"
"262","http://www.loc.gov/resource/sn83025582/1768-12-16/ed-1/?sp=1","1768-12-16",1,"the new-hampshire gazette and historical chronicle (portsmouth, n.h.) 1763-1776"
"263","http://www.loc.gov/resource/sn83025582/1765-01-25/ed-1/?sp=4","1765-01-25",4,"the new-hampshire gazette and historical chronicle (portsmouth, n.h.) 1763-1776"
"264","http://www.loc.gov/resource/sn83025582/1772-02-07/ed-1/?sp=1","1772-02-07",1,"the new-hampshire gazette and historical chronicle (portsmouth, n.h.) 1763-1776"
"265","http://www.loc.gov/resource/sn83025584/1779-08-24/ed-1/?sp=4","1779-08-24",4,"new-hampshire gazette, or, state journal and general advertiser (portsmouth, n.h.) 1778-1781"
"266","http://www.loc.gov/resource/sn83025584/1779-11-02/ed-1/?sp=1","1779-11-02",1,"new-hampshire gazette, or, state journal and general advertiser (portsmouth, n.h.) 1778-1781"
"267","http://www.loc.gov/resource/sn83025582/1774-10-14/ed-1/?sp=1","1774-10-14",1,"the new-hampshire gazette and historical chronicle (portsmouth, n.h.) 1763-1776"
"268","http://www.loc.gov/resource/sn83025582/1766-06-20/ed-1/?sp=1","1766-06-20",1,"the new-hampshire gazette and historical chronicle (portsmouth, n.h.) 1763-1776"
"269","http://www.loc.gov/resource/sn83025582/1770-01-19/ed-1/?sp=1","1770-01-19",1,"the new-hampshire gazette and historical chronicle (portsmouth, n.h.) 1763-1776"
"270","http://www.loc.gov/resource/sn83021183/1778-05-14/ed-1/?sp=3","1778-05-14",3,"the newport gazette (newport [r.i.]) 1777-1779"
"271","http://www.loc.gov/resource/sn84024742/1775-07-14/ed-1/?sp=2","1775-07-14",2,"the virginia gazette (williamsburg, va.) 1775-1780"
"272","http://www.loc.gov/resource/sn84024739/1774-06-16/ed-1/?sp=5","1774-06-16",5,"the virginia gazette (williamsburg [va.]) 1736-1781"
"273","http://www.loc.gov/resource/sn84024739/1780-10-04/ed-1/?sp=2","1780-10-04",2,"the virginia gazette (williamsburg [va.]) 1736-1781"
"274","http://www.loc.gov/resource/sn84024739/1779-10-09/ed-1/?sp=1","1779-10-09",1,"the virginia gazette (williamsburg [va.]) 1736-1781"
"275","http://www.loc.gov/resource/sn84024739/1774-08-04/ed-1/?sp=6","1774-08-04",6,"the virginia gazette (williamsburg [va.]) 1736-1781"
"276","http://www.loc.gov/resource/sn83025584/1780-09-16/ed-1/?sp=2","1780-09-16",2,"new-hampshire gazette, or, state journal and general advertiser (portsmouth, n.h.) 1778-1781"
"277","http://www.loc.gov/resource/sn83025583/1776-08-03/ed-1/?sp=2","1776-08-03",2,"the freeman's journal, or, new-hampshire gazette (portsmouth, n.h.) 1776-1778"
"278","http://www.loc.gov/resource/sn83025582/1767-05-29/ed-1/?sp=3","1767-05-29",3,"the new-hampshire gazette and historical chronicle (portsmouth, n.h.) 1763-1776"
"279","http://www.loc.gov/resource/sn83025582/1764-09-07/ed-1/?sp=2","1764-09-07",2,"the new-hampshire gazette and historical chronicle (portsmouth, n.h.) 1763-1776"
"280","http://www.loc.gov/resource/sn83025584/1779-11-09/ed-1/?sp=3","1779-11-09",3,"new-hampshire gazette, or, state journal and general advertiser (portsmouth, n.h.) 1778-1781"
"281","http://www.loc.gov/resource/sn83025583/1776-10-29/ed-1/?sp=2","1776-10-29",2,"the freeman's journal, or, new-hampshire gazette (portsmouth, n.h.) 1776-1778"
"282","http://www.loc.gov/resource/sn83025582/1768-12-30/ed-1/?sp=1","1768-12-30",1,"the new-hampshire gazette and historical chronicle (portsmouth, n.h.) 1763-1776"
"283","http://www.loc.gov/resource/sn83025583/1776-06-08/ed-1/?sp=2","1776-06-08",2,"the freeman's journal, or, new-hampshire gazette (portsmouth, n.h.) 1776-1778"
"284","http://www.loc.gov/resource/sn83025583/1776-06-22/ed-1/?sp=3","1776-06-22",3,"the freeman's journal, or, new-hampshire gazette (portsmouth, n.h.) 1776-1778"
"285","http://www.loc.gov/resource/sn83025584/1778-11-17/ed-1/?sp=2","1778-11-17",2,"new-hampshire gazette, or, state journal and general advertiser (portsmouth, n.h.) 1778-1781"
"286","http://www.loc.gov/resource/sn83025585/1782-01-05/ed-1/?sp=2","1782-01-05",2,"the new-hampshire gazette and general advertiser (portsmouth [n.h.]) 1781-1784"
"287","http://www.loc.gov/resource/sn83025585/1782-04-06/ed-1/?sp=3","1782-04-06",3,"the new-hampshire gazette and general advertiser (portsmouth [n.h.]) 1781-1784"
"288","http://www.loc.gov/resource/sn83025582/1766-11-21/ed-1/?sp=1","1766-11-21",1,"the new-hampshire gazette and historical chronicle (portsmouth, n.h.) 1763-1776"
"289","http://www.loc.gov/resource/sn83025582/1768-09-02/ed-1/?sp=4","1768-09-02",4,"the new-hampshire gazette and historical chronicle (portsmouth, n.h.) 1763-1776"
"290","http://www.loc.gov/resource/sn83025582/1765-01-04/ed-1/?sp=2","1765-01-04",2,"the new-hampshire gazette and historical chronicle (portsmouth, n.h.) 1763-1776"
"291","http://www.loc.gov/resource/sn83025582/1774-03-18/ed-1/?sp=3","1774-03-18",3,"the new-hampshire gazette and historical chronicle (portsmouth, n.h.) 1763-1776"
"292","http://www.loc.gov/resource/sn83025582/1774-06-10/ed-1/?sp=1","1774-06-10",1,"the new-hampshire gazette and historical chronicle (portsmouth, n.h.) 1763-1776"
"293","http://www.loc.gov/resource/sn83025582/1773-03-05/ed-1/?sp=3","1773-03-05",3,"the new-hampshire gazette and historical chronicle (portsmouth, n.h.) 1763-1776"
"294","http://www.loc.gov/resource/sn83025582/1775-03-24/ed-1/?sp=2","1775-03-24",2,"the new-hampshire gazette and historical chronicle (portsmouth, n.h.) 1763-1776"
"295","http://www.loc.gov/resource/sn83025584/1779-07-13/ed-1/?sp=4","1779-07-13",4,"new-hampshire gazette, or, state journal and general advertiser (portsmouth, n.h.) 1778-1781"
"296","http://www.loc.gov/resource/sn83025582/1774-10-28/ed-1/?sp=1","1774-10-28",1,"the new-hampshire gazette and historical chronicle (portsmouth, n.h.) 1763-1776"
"297","http://www.loc.gov/resource/sn84024739/1774-03-17/ed-1/?sp=1","1774-03-17",1,"the virginia gazette (williamsburg [va.]) 1736-1781"
"298","http://www.loc.gov/resource/sn83025584/1780-07-01/ed-1/?sp=1","1780-07-01",1,"new-hampshire gazette, or, state journal and general advertiser (portsmouth, n.h.) 1778-1781"
"299","http://www.loc.gov/resource/sn83025584/1780-09-02/ed-1/?sp=1","1780-09-02",1,"new-hampshire gazette, or, state journal and general advertiser (portsmouth, n.h.) 1778-1781"
"300","http://www.loc.gov/resource/sn83025582/1766-12-05/ed-1/?sp=2","1766-12-05",2,"the new-hampshire gazette and historical chronicle (portsmouth, n.h.) 1763-1776"
"301","http://www.loc.gov/resource/sn83025582/1774-08-12/ed-1/?sp=2","1774-08-12",2,"the new-hampshire gazette and historical chronicle (portsmouth, n.h.) 1763-1776"
"302","http://www.loc.gov/resource/sn83025584/1779-06-29/ed-1/?sp=2","1779-06-29",2,"new-hampshire gazette, or, state journal and general advertiser (portsmouth, n.h.) 1778-1781"
"303","http://www.loc.gov/resource/sn83025582/1774-12-02/ed-1/?sp=3","1774-12-02",3,"the new-hampshire gazette and historical chronicle (portsmouth, n.h.) 1763-1776"
"304","http://www.loc.gov/resource/sn83025584/1781-07-09/ed-1/?sp=1","1781-07-09",1,"new-hampshire gazette, or, state journal and general advertiser (portsmouth, n.h.) 1778-1781"
"305","http://www.loc.gov/resource/sn83025583/1777-09-20/ed-1/?sp=1","1777-09-20",1,"the freeman's journal, or, new-hampshire gazette (portsmouth, n.h.) 1776-1778"
"306","http://www.loc.gov/resource/sn83025584/1778-07-14/ed-1/?sp=2","1778-07-14",2,"new-hampshire gazette, or, state journal and general advertiser (portsmouth, n.h.) 1778-1781"
"307","http://www.loc.gov/resource/sn83025582/1768-03-11/ed-1/?sp=1","1768-03-11",1,"the new-hampshire gazette and historical chronicle (portsmouth, n.h.) 1763-1776"
"308","http://www.loc.gov/resource/sn83025582/1768-12-09/ed-1/?sp=2","1768-12-09",2,"the new-hampshire gazette and historical chronicle (portsmouth, n.h.) 1763-1776"
"309","http://www.loc.gov/resource/sn83025582/1769-02-10/ed-1/?sp=2","1769-02-10",2,"the new-hampshire gazette and historical chronicle (portsmouth, n.h.) 1763-1776"
"310","http://www.loc.gov/resource/sn83025582/1765-11-29/ed-1/?sp=1","1765-11-29",1,"the new-hampshire gazette and historical chronicle (portsmouth, n.h.) 1763-1776"
"311","http://www.loc.gov/resource/sn83025582/1765-10-31/ed-1/?sp=1","1765-10-31",1,"the new-hampshire gazette and historical chronicle (portsmouth, n.h.) 1763-1776"
"312","http://www.loc.gov/resource/sn83025582/1765-12-27/ed-1/?sp=4","1765-12-27",4,"the new-hampshire gazette and historical chronicle (portsmouth, n.h.) 1763-1776"
"313","http://www.loc.gov/resource/sn83025582/1765-05-31/ed-1/?sp=2","1765-05-31",2,"the new-hampshire gazette and historical chronicle (portsmouth, n.h.) 1763-1776"
"314","http://www.loc.gov/resource/sn83025582/1773-05-14/ed-1/?sp=1","1773-05-14",1,"the new-hampshire gazette and historical chronicle (portsmouth, n.h.) 1763-1776"
"315","http://www.loc.gov/resource/sn83025582/1775-04-21/ed-1/?sp=3","1775-04-21",3,"the new-hampshire gazette and historical chronicle (portsmouth, n.h.) 1763-1776"
"316","http://www.loc.gov/resource/sn83025584/1779-02-09/ed-1/?sp=2","1779-02-09",2,"new-hampshire gazette, or, state journal and general advertiser (portsmouth, n.h.) 1778-1781"
"317","http://www.loc.gov/resource/sn83025584/1779-03-30/ed-1/?sp=2","1779-03-30",2,"new-hampshire gazette, or, state journal and general advertiser (portsmouth, n.h.) 1778-1781"
"318","http://www.loc.gov/resource/sn83025582/1766-06-06/ed-1/?sp=2","1766-06-06",2,"the new-hampshire gazette and historical chronicle (portsmouth, n.h.) 1763-1776"
"319","http://www.loc.gov/resource/sn83025582/1766-06-20/ed-1/?sp=2","1766-06-20",2,"the new-hampshire gazette and historical chronicle (portsmouth, n.h.) 1763-1776"
"320","http://www.loc.gov/resource/sn83025582/1770-03-16/ed-1/?sp=1","1770-03-16",1,"the new-hampshire gazette and historical chronicle (portsmouth, n.h.) 1763-1776"
"321","http://www.loc.gov/resource/sn83025585/1783-05-10/ed-1/?sp=2","1783-05-10",2,"the new-hampshire gazette and general advertiser (portsmouth [n.h.]) 1781-1784"
"322","http://www.loc.gov/resource/sn83025583/1776-10-12/ed-1/?sp=3","1776-10-12",3,"the freeman's journal, or, new-hampshire gazette (portsmouth, n.h.) 1776-1778"
"323","http://www.loc.gov/resource/sn83025582/1775-06-09/ed-1/?sp=2","1775-06-09",2,"the new-hampshire gazette and historical chronicle (portsmouth, n.h.) 1763-1776"
"324","http://www.loc.gov/resource/sn83025581/1758-12-08/ed-1/?sp=1","1758-12-08",1,"the new hampshire gazette (portsmouth, n.h.) 1756-1763"
"325","http://www.loc.gov/resource/sn83025582/1766-01-03/ed-1/?sp=3","1766-01-03",3,"the new-hampshire gazette and historical chronicle (portsmouth, n.h.) 1763-1776"
"326","http://www.loc.gov/resource/sn83025582/1772-01-31/ed-1/?sp=1","1772-01-31",1,"the new-hampshire gazette and historical chronicle (portsmouth, n.h.) 1763-1776"
"327","http://www.loc.gov/resource/sn83025582/1770-08-24/ed-1/?sp=3","1770-08-24",3,"the new-hampshire gazette and historical chronicle (portsmouth, n.h.) 1763-1776"
"328","http://www.loc.gov/resource/sn83025584/1779-05-25/ed-1/?sp=3","1779-05-25",3,"new-hampshire gazette, or, state journal and general advertiser (portsmouth, n.h.) 1778-1781"
"329","http://www.loc.gov/resource/sn83025582/1767-07-31/ed-1/?sp=2","1767-07-31",2,"the new-hampshire gazette and historical chronicle (portsmouth, n.h.) 1763-1776"
"330","http://www.loc.gov/resource/sn83021194/1773-01-07/ed-1/?sp=1","1773-01-07",1,"the massachusetts spy, or, thomas's boston journal (boston [mass.]) 1772-1775"
"331","http://www.loc.gov/resource/sn85047530/1776-07-10/ed-1/?sp=1","1776-07-10",1,"the pennsylvania journal, or, weekly advertiser (philadelphia, pa.) 1742-1793"
"332","http://www.loc.gov/resource/sn84024739/1778-11-27/ed-1/?sp=1","1778-11-27",1,"the virginia gazette (williamsburg [va.]) 1736-1781"
"333","http://www.loc.gov/resource/sn84024739/1772-01-09/ed-1/?sp=1","1772-01-09",1,"the virginia gazette (williamsburg [va.]) 1736-1781"
"334","http://www.loc.gov/resource/sn84024739/1767-12-17/ed-1/?sp=2","1767-12-17",2,"the virginia gazette (williamsburg [va.]) 1736-1781"
"335","http://www.loc.gov/resource/sn84024741/1768-12-22/ed-1/?sp=1","1768-12-22",1,"the virginia gazette (williamsburg, va.) 1766-1776"
"336","http://www.loc.gov/resource/sn84024741/1774-12-22/ed-1/?sp=1","1774-12-22",1,"the virginia gazette (williamsburg, va.) 1766-1776"
"337","http://www.loc.gov/resource/sn84024741/1773-07-01/ed-1/?sp=1","1773-07-01",1,"the virginia gazette (williamsburg, va.) 1766-1776"
"338","http://www.loc.gov/resource/sn84024741/1773-01-21/ed-1/?sp=1","1773-01-21",1,"the virginia gazette (williamsburg, va.) 1766-1776"
"339","http://www.loc.gov/resource/sn84024741/1766-12-25/ed-1/?sp=1","1766-12-25",1,"the virginia gazette (williamsburg, va.) 1766-1776"
"340","http://www.loc.gov/resource/sn84020591/1765-09-21/ed-1/?sp=2","1765-09-21",2,"the constitutional courant (woodbridge, n.j.) 1765-1765"
"341","http://www.loc.gov/resource/sn83021292/1776-07-22/ed-1/?sp=3","1776-07-22",3,"the boston gazette, or, country journal (boston [mass.]) 1755-1793"
"342","http://www.loc.gov/resource/sn84024739/1776-03-02/ed-1/?sp=1","1776-03-02",1,"the virginia gazette (williamsburg [va.]) 1736-1781"
"343","http://www.loc.gov/resource/sn84024741/1773-01-21/ed-1/?sp=2","1773-01-21",2,"the virginia gazette (williamsburg, va.) 1766-1776"
"344","http://www.loc.gov/resource/sn83025581/1757-04-15/ed-1/?sp=1","1757-04-15",1,"the new hampshire gazette (portsmouth, n.h.) 1756-1763"
"345","http://www.loc.gov/resource/sn83025583/1777-09-27/ed-1/?sp=4","1777-09-27",4,"the freeman's journal, or, new-hampshire gazette (portsmouth, n.h.) 1776-1778"
"346","http://www.loc.gov/resource/sn83025581/1758-10-20/ed-1/?sp=1","1758-10-20",1,"the new hampshire gazette (portsmouth, n.h.) 1756-1763"
"347","http://www.loc.gov/resource/sn83025581/1758-04-13/ed-1/?sp=1","1758-04-13",1,"the new hampshire gazette (portsmouth, n.h.) 1756-1763"
"348","http://www.loc.gov/resource/sn83025582/1765-10-31/ed-1/?sp=2","1765-10-31",2,"the new-hampshire gazette and historical chronicle (portsmouth, n.h.) 1763-1776"
"349","http://www.loc.gov/resource/sn83025582/1773-09-24/ed-1/?sp=2","1773-09-24",2,"the new-hampshire gazette and historical chronicle (portsmouth, n.h.) 1763-1776"
"350","http://www.loc.gov/resource/sn83025582/1774-02-04/ed-1/?sp=2","1774-02-04",2,"the new-hampshire gazette and historical chronicle (portsmouth, n.h.) 1763-1776"
"351","http://www.loc.gov/resource/sn83025582/1772-04-03/ed-1/?sp=3","1772-04-03",3,"the new-hampshire gazette and historical chronicle (portsmouth, n.h.) 1763-1776"
"352","http://www.loc.gov/resource/sn83025582/1774-09-30/ed-1/?sp=4","1774-09-30",4,"the new-hampshire gazette and historical chronicle (portsmouth, n.h.) 1763-1776"
"353","http://www.loc.gov/resource/sn83025582/1774-10-07/ed-1/?sp=4","1774-10-07",4,"the new-hampshire gazette and historical chronicle (portsmouth, n.h.) 1763-1776"
"354","http://www.loc.gov/resource/sn83025583/1777-03-08/ed-1/?sp=4","1777-03-08",4,"the freeman's journal, or, new-hampshire gazette (portsmouth, n.h.) 1776-1778"
"355","http://www.loc.gov/resource/sn83025582/1770-01-19/ed-1/?sp=2","1770-01-19",2,"the new-hampshire gazette and historical chronicle (portsmouth, n.h.) 1763-1776"
"356","http://www.loc.gov/resource/sn83025582/1769-12-29/ed-1/?sp=1","1769-12-29",1,"the new-hampshire gazette and historical chronicle (portsmouth, n.h.) 1763-1776"
"357","http://www.loc.gov/resource/sn83025581/1761-10-30/ed-1/?sp=1","1761-10-30",1,"the new hampshire gazette (portsmouth, n.h.) 1756-1763"
"358","http://www.loc.gov/resource/sn83025581/1758-05-19/ed-1/?sp=4","1758-05-19",4,"the new hampshire gazette (portsmouth, n.h.) 1756-1763"
"359","http://www.loc.gov/resource/sn83025582/1775-02-03/ed-1/?sp=1","1775-02-03",1,"the new-hampshire gazette and historical chronicle (portsmouth, n.h.) 1763-1776"
"360","http://www.loc.gov/resource/sn83025582/1769-11-03/ed-1/?sp=3","1769-11-03",3,"the new-hampshire gazette and historical chronicle (portsmouth, n.h.) 1763-1776"
"361","http://www.loc.gov/resource/sn83021193/1771-09-19/ed-1/?sp=4","1771-09-19",4,"the massachusetts spy (boston [mass.]) 1770-1772"
"362","http://www.loc.gov/resource/sn83021194/1772-11-19/ed-1/?sp=1","1772-11-19",1,"the massachusetts spy, or, thomas's boston journal (boston [mass.]) 1772-1775"
"363","http://www.loc.gov/resource/sn83021193/1772-01-30/ed-1/?sp=1","1772-01-30",1,"the massachusetts spy (boston [mass.]) 1770-1772"
"364","http://www.loc.gov/resource/sn83021193/1772-05-28/ed-1/?sp=1","1772-05-28",1,"the massachusetts spy (boston [mass.]) 1770-1772"
"365","http://www.loc.gov/resource/sn83021193/1772-06-25/ed-1/?sp=1","1772-06-25",1,"the massachusetts spy (boston [mass.]) 1770-1772"
"366","http://www.loc.gov/resource/sn83021193/1771-08-01/ed-1/?sp=1","1771-08-01",1,"the massachusetts spy (boston [mass.]) 1770-1772"
"367","http://www.loc.gov/resource/sn83025582/1775-10-03/ed-1/?sp=2","1775-10-03",2,"the new-hampshire gazette and historical chronicle (portsmouth, n.h.) 1763-1776"
"368","http://www.loc.gov/resource/sn83025583/1777-09-20/ed-1/?sp=4","1777-09-20",4,"the freeman's journal, or, new-hampshire gazette (portsmouth, n.h.) 1776-1778"
"369","http://www.loc.gov/resource/sn83025581/1760-08-22/ed-1/?sp=2","1760-08-22",2,"the new hampshire gazette (portsmouth, n.h.) 1756-1763"
"370","http://www.loc.gov/resource/sn83025582/1771-08-02/ed-1/?sp=2","1771-08-02",2,"the new-hampshire gazette and historical chronicle (portsmouth, n.h.) 1763-1776"
"371","http://www.loc.gov/resource/sn83025582/1770-09-14/ed-1/?sp=3","1770-09-14",3,"the new-hampshire gazette and historical chronicle (portsmouth, n.h.) 1763-1776"
"372","http://www.loc.gov/resource/sn83025582/1769-12-01/ed-1/?sp=3","1769-12-01",3,"the new-hampshire gazette and historical chronicle (portsmouth, n.h.) 1763-1776"
"373","http://www.loc.gov/resource/sn83025582/1770-03-16/ed-1/?sp=3","1770-03-16",3,"the new-hampshire gazette and historical chronicle (portsmouth, n.h.) 1763-1776"
"374","http://www.loc.gov/resource/sn83025581/1758-01-20/ed-1/?sp=1","1758-01-20",1,"the new hampshire gazette (portsmouth, n.h.) 1756-1763"
"375","http://www.loc.gov/resource/sn83025582/1773-08-20/ed-1/?sp=2","1773-08-20",2,"the new-hampshire gazette and historical chronicle (portsmouth, n.h.) 1763-1776"
"376","http://www.loc.gov/resource/sn83025582/1774-04-19/ed-1/?sp=4","1774-04-19",4,"the new-hampshire gazette and historical chronicle (portsmouth, n.h.) 1763-1776"
"377","http://www.loc.gov/resource/sn83025582/1771-07-19/ed-1/?sp=3","1771-07-19",3,"the new-hampshire gazette and historical chronicle (portsmouth, n.h.) 1763-1776"
"378","http://www.loc.gov/resource/sn83025582/1772-12-25/ed-1/?sp=1","1772-12-25",1,"the new-hampshire gazette and historical chronicle (portsmouth, n.h.) 1763-1776"
"379","http://www.loc.gov/resource/sn83025582/1775-02-24/ed-1/?sp=4","1775-02-24",4,"the new-hampshire gazette and historical chronicle (portsmouth, n.h.) 1763-1776"
"380","http://www.loc.gov/resource/sn83025582/1774-12-02/ed-1/?sp=4","1774-12-02",4,"the new-hampshire gazette and historical chronicle (portsmouth, n.h.) 1763-1776"
"381","http://www.loc.gov/resource/sn84024741/1768-11-24/ed-1/?sp=2","1768-11-24",2,"the virginia gazette (williamsburg, va.) 1766-1776"
"382","http://www.loc.gov/resource/sn84024741/1773-07-22/ed-1/?sp=5","1773-07-22",5,"the virginia gazette (williamsburg, va.) 1766-1776"
"383","http://www.loc.gov/resource/sn84024739/1766-08-22/ed-1/?sp=1","1766-08-22",1,"the virginia gazette (williamsburg [va.]) 1736-1781"
"384","http://www.loc.gov/resource/sn84024741/1768-12-01/ed-1/?sp=1","1768-12-01",1,"the virginia gazette (williamsburg, va.) 1766-1776"
"385","http://www.loc.gov/resource/sn84024741/1771-05-30/ed-1/?sp=1","1771-05-30",1,"the virginia gazette (williamsburg, va.) 1766-1776"
"386","http://www.loc.gov/resource/sn84024741/1774-12-29/ed-1/?sp=2","1774-12-29",2,"the virginia gazette (williamsburg, va.) 1766-1776"
"387","http://www.loc.gov/resource/sn84024741/1773-05-13/ed-1/?sp=1","1773-05-13",1,"the virginia gazette (williamsburg, va.) 1766-1776"
"388","http://www.loc.gov/resource/sn84024741/1773-09-02/ed-1/?sp=5","1773-09-02",5,"the virginia gazette (williamsburg, va.) 1766-1776"
"389","http://www.loc.gov/resource/sn84024741/1773-08-12/ed-1/?sp=1","1773-08-12",1,"the virginia gazette (williamsburg, va.) 1766-1776"
"390","http://www.loc.gov/resource/sn84024739/1769-05-04/ed-1/?sp=1","1769-05-04",1,"the virginia gazette (williamsburg [va.]) 1736-1781"
"391","http://www.loc.gov/resource/sn84024741/1769-07-27/ed-1/?sp=2","1769-07-27",2,"the virginia gazette (williamsburg, va.) 1766-1776"
"392","http://www.loc.gov/resource/sn84024741/1773-08-05/ed-1/?sp=1","1773-08-05",1,"the virginia gazette (williamsburg, va.) 1766-1776"
"393","http://www.loc.gov/resource/sn83021194/1773-09-09/ed-1/?sp=1","1773-09-09",1,"the massachusetts spy, or, thomas's boston journal (boston [mass.]) 1772-1775"
"394","http://www.loc.gov/resource/sn83021194/1773-02-25/ed-1/?sp=4","1773-02-25",4,"the massachusetts spy, or, thomas's boston journal (boston [mass.]) 1772-1775"
"395","http://www.loc.gov/resource/sn83021193/1772-09-17/ed-1/?sp=1","1772-09-17",1,"the massachusetts spy (boston [mass.]) 1770-1772"
"396","http://www.loc.gov/resource/sn83021194/1773-08-19/ed-1/?sp=1","1773-08-19",1,"the massachusetts spy, or, thomas's boston journal (boston [mass.]) 1772-1775"
"397","http://www.loc.gov/resource/sn83021194/1773-09-02/ed-1/?sp=1","1773-09-02",1,"the massachusetts spy, or, thomas's boston journal (boston [mass.]) 1772-1775"
"398","http://www.loc.gov/resource/sn83021194/1773-07-29/ed-1/?sp=1","1773-07-29",1,"the massachusetts spy, or, thomas's boston journal (boston [mass.]) 1772-1775"
"399","http://www.loc.gov/resource/sn83021193/1771-12-19/ed-1/?sp=1","1771-12-19",1,"the massachusetts spy (boston [mass.]) 1770-1772"
"400","http://www.loc.gov/resource/sn83021193/1772-01-02/ed-1/?sp=1","1772-01-02",1,"the massachusetts spy (boston [mass.]) 1770-1772"
"401","http://www.loc.gov/resource/sn83021193/1772-01-23/ed-1/?sp=1","1772-01-23",1,"the massachusetts spy (boston [mass.]) 1770-1772"
"402","http://www.loc.gov/resource/sn83021193/1772-03-26/ed-1/?sp=1","1772-03-26",1,"the massachusetts spy (boston [mass.]) 1770-1772"
"403","http://www.loc.gov/resource/sn83021193/1772-03-19/ed-1/?sp=1","1772-03-19",1,"the massachusetts spy (boston [mass.]) 1770-1772"
"404","http://www.loc.gov/resource/sn83021193/1771-05-16/ed-1/?sp=4","1771-05-16",4,"the massachusetts spy (boston [mass.]) 1770-1772"
"405","http://www.loc.gov/resource/sn83021193/1771-05-23/ed-1/?sp=1","1771-05-23",1,"the massachusetts spy (boston [mass.]) 1770-1772"
"406","http://www.loc.gov/resource/sn83021193/1771-09-12/ed-1/?sp=3","1771-09-12",3,"the massachusetts spy (boston [mass.]) 1770-1772"
"407","http://www.loc.gov/resource/sn83021193/1771-08-08/ed-1/?sp=4","1771-08-08",4,"the massachusetts spy (boston [mass.]) 1770-1772"
"408","http://www.loc.gov/resource/sn83021193/1771-10-03/ed-1/?sp=1","1771-10-03",1,"the massachusetts spy (boston [mass.]) 1770-1772"
"409","http://www.loc.gov/resource/sn83021194/1774-01-20/ed-1/?sp=1","1774-01-20",1,"the massachusetts spy, or, thomas's boston journal (boston [mass.]) 1772-1775"
"410","http://www.loc.gov/resource/sn83021193/1772-05-14/ed-1/?sp=1","1772-05-14",1,"the massachusetts spy (boston [mass.]) 1770-1772"
"411","http://www.loc.gov/resource/sn83021193/1771-08-22/ed-1/?sp=3","1771-08-22",3,"the massachusetts spy (boston [mass.]) 1770-1772"
"412","http://www.loc.gov/resource/sn83021193/1771-07-11/ed-1/?sp=3","1771-07-11",3,"the massachusetts spy (boston [mass.]) 1770-1772"
"413","http://www.loc.gov/resource/sn83025582/1770-01-19/ed-1/?sp=3","1770-01-19",3,"the new-hampshire gazette and historical chronicle (portsmouth, n.h.) 1763-1776"
"414","http://www.loc.gov/resource/sn83025585/1782-06-15/ed-1/?sp=3","1782-06-15",3,"the new-hampshire gazette and general advertiser (portsmouth [n.h.]) 1781-1784"
"415","http://www.loc.gov/resource/sn83025582/1775-07-25/ed-1/?sp=2","1775-07-25",2,"the new-hampshire gazette and historical chronicle (portsmouth, n.h.) 1763-1776"
"416","http://www.loc.gov/resource/sn83025582/1771-05-10/ed-1/?sp=1","1771-05-10",1,"the new-hampshire gazette and historical chronicle (portsmouth, n.h.) 1763-1776"
"417","http://www.loc.gov/resource/sn83025582/1774-05-20/ed-1/?sp=1","1774-05-20",1,"the new-hampshire gazette and historical chronicle (portsmouth, n.h.) 1763-1776"
"418","http://www.loc.gov/resource/sn83025582/1771-07-12/ed-1/?sp=3","1771-07-12",3,"the new-hampshire gazette and historical chronicle (portsmouth, n.h.) 1763-1776"
"419","http://www.loc.gov/resource/sn83025582/1771-03-08/ed-1/?sp=3","1771-03-08",3,"the new-hampshire gazette and historical chronicle (portsmouth, n.h.) 1763-1776"
"420","http://www.loc.gov/resource/sn83025582/1769-08-25/ed-1/?sp=1","1769-08-25",1,"the new-hampshire gazette and historical chronicle (portsmouth, n.h.) 1763-1776"
"421","http://www.loc.gov/resource/sn83025582/1771-09-13/ed-1/?sp=2","1771-09-13",2,"the new-hampshire gazette and historical chronicle (portsmouth, n.h.) 1763-1776"
"422","http://www.loc.gov/resource/sn83025582/1771-03-01/ed-1/?sp=2","1771-03-01",2,"the new-hampshire gazette and historical chronicle (portsmouth, n.h.) 1763-1776"
"423","http://www.loc.gov/resource/sn83025582/1774-07-01/ed-1/?sp=1","1774-07-01",1,"the new-hampshire gazette and historical chronicle (portsmouth, n.h.) 1763-1776"
"424","http://www.loc.gov/resource/sn83025582/1774-07-15/ed-1/?sp=1","1774-07-15",1,"the new-hampshire gazette and historical chronicle (portsmouth, n.h.) 1763-1776"
"425","http://www.loc.gov/resource/sn84024739/1775-01-14/ed-1/?sp=1","1775-01-14",1,"the virginia gazette (williamsburg [va.]) 1736-1781"
"426","http://www.loc.gov/resource/sn84024739/1775-12-23/ed-1/?sp=1","1775-12-23",1,"the virginia gazette (williamsburg [va.]) 1736-1781"
"427","http://www.loc.gov/resource/sn84024739/1776-05-25/ed-1/?sp=1","1776-05-25",1,"the virginia gazette (williamsburg [va.]) 1736-1781"
"428","http://www.loc.gov/resource/sn84024739/1769-05-11/ed-1/?sp=1","1769-05-11",1,"the virginia gazette (williamsburg [va.]) 1736-1781"
"429","http://www.loc.gov/resource/sn84024739/1770-06-14/ed-1/?sp=6","1770-06-14",6,"the virginia gazette (williamsburg [va.]) 1736-1781"
"430","http://www.loc.gov/resource/sn84024739/1769-07-06/ed-1/?sp=2","1769-07-06",2,"the virginia gazette (williamsburg [va.]) 1736-1781"
"431","http://www.loc.gov/resource/sn84024742/1777-10-17/ed-1/?sp=2","1777-10-17",2,"the virginia gazette (williamsburg, va.) 1775-1780"
"432","http://www.loc.gov/resource/sn84024741/1773-06-17/ed-1/?sp=6","1773-06-17",6,"the virginia gazette (williamsburg, va.) 1766-1776"
"433","http://www.loc.gov/resource/sn84024741/1773-07-08/ed-1/?sp=2","1773-07-08",2,"the virginia gazette (williamsburg, va.) 1766-1776"
"434","http://www.loc.gov/resource/sn84024741/1773-08-12/ed-1/?sp=2","1773-08-12",2,"the virginia gazette (williamsburg, va.) 1766-1776"
"435","http://www.loc.gov/resource/sn84024741/1773-11-25/ed-1/?sp=2","1773-11-25",2,"the virginia gazette (williamsburg, va.) 1766-1776"
"436","http://www.loc.gov/resource/sn84024741/1770-05-31/ed-1/?sp=1","1770-05-31",1,"the virginia gazette (williamsburg, va.) 1766-1776"
"437","http://www.loc.gov/resource/sn84024739/1775-10-14/ed-1/?sp=1","1775-10-14",1,"the virginia gazette (williamsburg [va.]) 1736-1781"
"438","http://www.loc.gov/resource/sn84024739/1776-02-17/ed-1/?sp=1","1776-02-17",1,"the virginia gazette (williamsburg [va.]) 1736-1781"
"439","http://www.loc.gov/resource/sn84024739/1775-09-09/ed-1/?sp=1","1775-09-09",1,"the virginia gazette (williamsburg [va.]) 1736-1781"
"440","http://www.loc.gov/resource/sn84024739/1768-12-22/ed-1/?sp=1","1768-12-22",1,"the virginia gazette (williamsburg [va.]) 1736-1781"
"441","http://www.loc.gov/resource/sn84024741/1774-06-09/ed-1/?sp=5","1774-06-09",5,"the virginia gazette (williamsburg, va.) 1766-1776"
"442","http://www.loc.gov/resource/sn84024741/1768-06-09/ed-1/?sp=1","1768-06-09",1,"the virginia gazette (williamsburg, va.) 1766-1776"
"443","http://www.loc.gov/resource/sn83021193/1772-01-23/ed-1/?sp=4","1772-01-23",4,"the massachusetts spy (boston [mass.]) 1770-1772"
"444","http://www.loc.gov/resource/sn83021193/1772-03-26/ed-1/?sp=3","1772-03-26",3,"the massachusetts spy (boston [mass.]) 1770-1772"
"445","http://www.loc.gov/resource/sn83021193/1772-06-25/ed-1/?sp=2","1772-06-25",2,"the massachusetts spy (boston [mass.]) 1770-1772"
"446","http://www.loc.gov/resource/sn83021193/1772-10-01/ed-1/?sp=3","1772-10-01",3,"the massachusetts spy (boston [mass.]) 1770-1772"
"447","http://www.loc.gov/resource/sn83021194/1772-12-04/ed-1/?sp=3","1772-12-04",3,"the massachusetts spy, or, thomas's boston journal (boston [mass.]) 1772-1775"
"448","http://www.loc.gov/resource/sn83021194/1773-03-18/ed-1/?sp=1","1773-03-18",1,"the massachusetts spy, or, thomas's boston journal (boston [mass.]) 1772-1775"
"449","http://www.loc.gov/resource/sn83021194/1773-08-05/ed-1/?sp=6","1773-08-05",6,"the massachusetts spy, or, thomas's boston journal (boston [mass.]) 1772-1775"
"450","http://www.loc.gov/resource/sn83021194/1774-03-17/ed-1/?sp=1","1774-03-17",1,"the massachusetts spy, or, thomas's boston journal (boston [mass.]) 1772-1775"
"451","http://www.loc.gov/resource/sn83021194/1774-07-28/ed-1/?sp=1","1774-07-28",1,"the massachusetts spy, or, thomas's boston journal (boston [mass.]) 1772-1775"
"452","http://www.loc.gov/resource/sn83021193/1771-10-31/ed-1/?sp=1","1771-10-31",1,"the massachusetts spy (boston [mass.]) 1770-1772"
"453","http://www.loc.gov/resource/sn83021193/1771-08-22/ed-1/?sp=4","1771-08-22",4,"the massachusetts spy (boston [mass.]) 1770-1772"
"454","http://www.loc.gov/resource/sn83021194/1774-01-13/ed-1/?sp=3","1774-01-13",3,"the massachusetts spy, or, thomas's boston journal (boston [mass.]) 1772-1775"
"455","http://www.loc.gov/resource/sn83021194/1773-08-05/ed-1/?sp=4","1773-08-05",4,"the massachusetts spy, or, thomas's boston journal (boston [mass.]) 1772-1775"
"456","http://www.loc.gov/resource/sn83021193/1772-06-18/ed-1/?sp=3","1772-06-18",3,"the massachusetts spy (boston [mass.]) 1770-1772"
"457","http://www.loc.gov/resource/sn83025582/1774-12-09/ed-1/?sp=1","1774-12-09",1,"the new-hampshire gazette and historical chronicle (portsmouth, n.h.) 1763-1776"
"458","http://www.loc.gov/resource/sn83025582/1775-07-11/ed-1/?sp=1","1775-07-11",1,"the new-hampshire gazette and historical chronicle (portsmouth, n.h.) 1763-1776"
"459","http://www.loc.gov/resource/sn83025582/1774-05-20/ed-1/?sp=3","1774-05-20",3,"the new-hampshire gazette and historical chronicle (portsmouth, n.h.) 1763-1776"
"460","http://www.loc.gov/resource/sn83025582/1769-10-13/ed-1/?sp=2","1769-10-13",2,"the new-hampshire gazette and historical chronicle (portsmouth, n.h.) 1763-1776"
"461","http://www.loc.gov/resource/sn83025582/1770-02-23/ed-1/?sp=2","1770-02-23",2,"the new-hampshire gazette and historical chronicle (portsmouth, n.h.) 1763-1776"
"462","http://www.loc.gov/resource/sn83025582/1775-10-10/ed-1/?sp=2","1775-10-10",2,"the new-hampshire gazette and historical chronicle (portsmouth, n.h.) 1763-1776"
"463","http://www.loc.gov/resource/sn83025582/1775-11-08/ed-1/?sp=2","1775-11-08",2,"the new-hampshire gazette and historical chronicle (portsmouth, n.h.) 1763-1776"
"464","http://www.loc.gov/resource/sn83025582/1770-07-20/ed-1/?sp=2","1770-07-20",2,"the new-hampshire gazette and historical chronicle (portsmouth, n.h.) 1763-1776"
"465","http://www.loc.gov/resource/sn83025582/1772-05-15/ed-1/?sp=2","1772-05-15",2,"the new-hampshire gazette and historical chronicle (portsmouth, n.h.) 1763-1776"
"466","http://www.loc.gov/resource/sn83025582/1772-06-26/ed-1/?sp=2","1772-06-26",2,"the new-hampshire gazette and historical chronicle (portsmouth, n.h.) 1763-1776"
"467","http://www.loc.gov/resource/sn83025582/1775-04-07/ed-1/?sp=1","1775-04-07",1,"the new-hampshire gazette and historical chronicle (portsmouth, n.h.) 1763-1776"
"468","http://www.loc.gov/resource/sn83025582/1774-11-11/ed-1/?sp=4","1774-11-11",4,"the new-hampshire gazette and historical chronicle (portsmouth, n.h.) 1763-1776"
"469","http://www.loc.gov/resource/sn83025582/1770-06-15/ed-1/?sp=1","1770-06-15",1,"the new-hampshire gazette and historical chronicle (portsmouth, n.h.) 1763-1776"
"470","http://www.loc.gov/resource/sn83025582/1769-12-01/ed-1/?sp=2","1769-12-01",2,"the new-hampshire gazette and historical chronicle (portsmouth, n.h.) 1763-1776"
"471","http://www.loc.gov/resource/sn84024739/1776-05-25/ed-1/?sp=2","1776-05-25",2,"the virginia gazette (williamsburg [va.]) 1736-1781"
"472","http://www.loc.gov/resource/sn84024741/1768-03-24/ed-1/?sp=3","1768-03-24",3,"the virginia gazette (williamsburg, va.) 1766-1776"
"473","http://www.loc.gov/resource/sn84024739/1776-01-13/ed-1/?sp=4","1776-01-13",4,"the virginia gazette (williamsburg [va.]) 1736-1781"
"474","http://www.loc.gov/resource/sn84024739/1776-05-11/ed-1/?sp=4","1776-05-11",4,"the virginia gazette (williamsburg [va.]) 1736-1781"
"475","http://www.loc.gov/resource/sn84024739/1769-11-23/ed-1/?sp=1","1769-11-23",1,"the virginia gazette (williamsburg [va.]) 1736-1781"
"476","http://www.loc.gov/resource/sn84024739/1768-11-24/ed-1/?sp=1","1768-11-24",1,"the virginia gazette (williamsburg [va.]) 1736-1781"
"477","http://www.loc.gov/resource/sn84024741/1771-07-18/ed-1/?sp=2","1771-07-18",2,"the virginia gazette (williamsburg, va.) 1766-1776"
"478","http://www.loc.gov/resource/sn84024741/1774-11-10/ed-1/?sp=1","1774-11-10",1,"the virginia gazette (williamsburg, va.) 1766-1776"
"479","http://www.loc.gov/resource/sn84024741/1774-06-09/ed-1/?sp=6","1774-06-09",6,"the virginia gazette (williamsburg, va.) 1766-1776"
"480","http://www.loc.gov/resource/sn84024741/1774-06-23/ed-1/?sp=2","1774-06-23",2,"the virginia gazette (williamsburg, va.) 1766-1776"
"481","http://www.loc.gov/resource/sn84024741/1773-09-23/ed-1/?sp=2","1773-09-23",2,"the virginia gazette (williamsburg, va.) 1766-1776"
"482","http://www.loc.gov/resource/sn84024741/1774-05-19/ed-1/?sp=3","1774-05-19",3,"the virginia gazette (williamsburg, va.) 1766-1776"
"483","http://www.loc.gov/resource/sn84024741/1768-07-28/ed-1/?sp=2","1768-07-28",2,"the virginia gazette (williamsburg, va.) 1766-1776"
"484","http://www.loc.gov/resource/sn84024741/1768-04-28/ed-1/?sp=1","1768-04-28",1,"the virginia gazette (williamsburg, va.) 1766-1776"
"485","http://www.loc.gov/resource/sn84024739/1776-04-06/ed-1/?sp=3","1776-04-06",3,"the virginia gazette (williamsburg [va.]) 1736-1781"
"486","http://www.loc.gov/resource/sn84024739/1775-06-03/ed-1/?sp=1","1775-06-03",1,"the virginia gazette (williamsburg [va.]) 1736-1781"
"487","http://www.loc.gov/resource/sn84024741/1771-02-14/ed-1/?sp=2","1771-02-14",2,"the virginia gazette (williamsburg, va.) 1766-1776"
"488","http://www.loc.gov/resource/sn84024741/1768-04-21/ed-1/?sp=1","1768-04-21",1,"the virginia gazette (williamsburg, va.) 1766-1776"
"489","http://www.loc.gov/resource/sn84024741/1768-09-29/ed-1/?sp=1","1768-09-29",1,"the virginia gazette (williamsburg, va.) 1766-1776"
"490","http://www.loc.gov/resource/sn83021194/1774-08-25/ed-1/?sp=1","1774-08-25",1,"the massachusetts spy, or, thomas's boston journal (boston [mass.]) 1772-1775"
"491","http://www.loc.gov/resource/sn83021194/1772-10-08/ed-1/?sp=2","1772-10-08",2,"the massachusetts spy, or, thomas's boston journal (boston [mass.]) 1772-1775"
"492","http://www.loc.gov/resource/sn83021194/1772-12-10/ed-1/?sp=2","1772-12-10",2,"the massachusetts spy, or, thomas's boston journal (boston [mass.]) 1772-1775"
"493","http://www.loc.gov/resource/sn83021194/1772-12-04/ed-1/?sp=2","1772-12-04",2,"the massachusetts spy, or, thomas's boston journal (boston [mass.]) 1772-1775"
"494","http://www.loc.gov/resource/sn83021194/1773-01-21/ed-1/?sp=3","1773-01-21",3,"the massachusetts spy, or, thomas's boston journal (boston [mass.]) 1772-1775"
"495","http://www.loc.gov/resource/sn83021194/1773-01-14/ed-1/?sp=3","1773-01-14",3,"the massachusetts spy, or, thomas's boston journal (boston [mass.]) 1772-1775"
"496","http://www.loc.gov/resource/sn83021194/1773-02-18/ed-1/?sp=2","1773-02-18",2,"the massachusetts spy, or, thomas's boston journal (boston [mass.]) 1772-1775"
"497","http://www.loc.gov/resource/sn83021194/1773-01-28/ed-1/?sp=1","1773-01-28",1,"the massachusetts spy, or, thomas's boston journal (boston [mass.]) 1772-1775"
"498","http://www.loc.gov/resource/sn83021193/1771-12-19/ed-1/?sp=2","1771-12-19",2,"the massachusetts spy (boston [mass.]) 1770-1772"
"499","http://www.loc.gov/resource/sn83021193/1772-02-13/ed-1/?sp=2","1772-02-13",2,"the massachusetts spy (boston [mass.]) 1770-1772"
"500","http://www.loc.gov/resource/sn83021193/1771-05-23/ed-1/?sp=2","1771-05-23",2,"the massachusetts spy (boston [mass.]) 1770-1772"
"501","http://www.loc.gov/resource/sn83021193/1772-07-23/ed-1/?sp=2","1772-07-23",2,"the massachusetts spy (boston [mass.]) 1770-1772"
"502","http://www.loc.gov/resource/sn83021194/1773-01-14/ed-1/?sp=2","1773-01-14",2,"the massachusetts spy, or, thomas's boston journal (boston [mass.]) 1772-1775"
"503","http://www.loc.gov/resource/sn83021194/1773-11-18/ed-1/?sp=3","1773-11-18",3,"the massachusetts spy, or, thomas's boston journal (boston [mass.]) 1772-1775"
"504","http://www.loc.gov/resource/sn83021193/1772-07-09/ed-1/?sp=2","1772-07-09",2,"the massachusetts spy (boston [mass.]) 1770-1772"
"505","http://www.loc.gov/resource/sn83025582/1775-07-11/ed-1/?sp=2","1775-07-11",2,"the new-hampshire gazette and historical chronicle (portsmouth, n.h.) 1763-1776"
"506","http://www.loc.gov/resource/sn83025582/1770-06-08/ed-1/?sp=1","1770-06-08",1,"the new-hampshire gazette and historical chronicle (portsmouth, n.h.) 1763-1776"
"507","http://www.loc.gov/resource/sn83025582/1774-12-16/ed-1/?sp=1","1774-12-16",1,"the new-hampshire gazette and historical chronicle (portsmouth, n.h.) 1763-1776"
"508","http://www.loc.gov/resource/sn83025582/1774-10-14/ed-1/?sp=2","1774-10-14",2,"the new-hampshire gazette and historical chronicle (portsmouth, n.h.) 1763-1776"
"509","http://www.loc.gov/resource/sn83025582/1775-01-13/ed-1/?sp=1","1775-01-13",1,"the new-hampshire gazette and historical chronicle (portsmouth, n.h.) 1763-1776"
"510","http://www.loc.gov/resource/sn83025582/1775-05-05/ed-1/?sp=2","1775-05-05",2,"the new-hampshire gazette and historical chronicle (portsmouth, n.h.) 1763-1776"
"511","http://www.loc.gov/resource/sn83025582/1770-03-23/ed-1/?sp=1","1770-03-23",1,"the new-hampshire gazette and historical chronicle (portsmouth, n.h.) 1763-1776"
"512","http://www.loc.gov/resource/sn83025582/1774-09-30/ed-1/?sp=2","1774-09-30",2,"the new-hampshire gazette and historical chronicle (portsmouth, n.h.) 1763-1776"
"513","http://www.loc.gov/resource/sn83025582/1770-04-20/ed-1/?sp=2","1770-04-20",2,"the new-hampshire gazette and historical chronicle (portsmouth, n.h.) 1763-1776"
"514","http://www.loc.gov/resource/sn84024739/1774-06-02/ed-1/?sp=2","1774-06-02",2,"the virginia gazette (williamsburg [va.]) 1736-1781"
"515","http://www.loc.gov/resource/sn84024739/1775-03-18/ed-1/?sp=3","1775-03-18",3,"the virginia gazette (williamsburg [va.]) 1736-1781"
"516","http://www.loc.gov/resource/sn84024739/1776-05-04/ed-1/?sp=1","1776-05-04",1,"the virginia gazette (williamsburg [va.]) 1736-1781"
"517","http://www.loc.gov/resource/sn84024739/1768-08-25/ed-1/?sp=1","1768-08-25",1,"the virginia gazette (williamsburg [va.]) 1736-1781"
"518","http://www.loc.gov/resource/sn84024741/1774-12-15/ed-1/?sp=2","1774-12-15",2,"the virginia gazette (williamsburg, va.) 1766-1776"
"519","http://www.loc.gov/resource/sn84024741/1768-09-29/ed-1/?sp=2","1768-09-29",2,"the virginia gazette (williamsburg, va.) 1766-1776"
"520","http://www.loc.gov/resource/sn84024741/1768-09-01/ed-1/?sp=2","1768-09-01",2,"the virginia gazette (williamsburg, va.) 1766-1776"
"521","http://www.loc.gov/resource/sn84024739/1775-10-07/ed-1/?sp=3","1775-10-07",3,"the virginia gazette (williamsburg [va.]) 1736-1781"
"522","http://www.loc.gov/resource/sn84024741/1774-12-08/ed-1/?sp=2","1774-12-08",2,"the virginia gazette (williamsburg, va.) 1766-1776"
"523","http://www.loc.gov/resource/sn83021194/1774-01-27/ed-1/?sp=2","1774-01-27",2,"the massachusetts spy, or, thomas's boston journal (boston [mass.]) 1772-1775"
"524","http://www.loc.gov/resource/sn83021193/1772-08-27/ed-1/?sp=2","1772-08-27",2,"the massachusetts spy (boston [mass.]) 1770-1772"
"525","http://www.loc.gov/resource/sn83021194/1773-01-21/ed-1/?sp=2","1773-01-21",2,"the massachusetts spy, or, thomas's boston journal (boston [mass.]) 1772-1775"
"526","http://www.loc.gov/resource/sn83021194/1773-04-16/ed-1/?sp=2","1773-04-16",2,"the massachusetts spy, or, thomas's boston journal (boston [mass.]) 1772-1775"
"527","http://www.loc.gov/resource/sn83021194/1773-08-12/ed-1/?sp=2","1773-08-12",2,"the massachusetts spy, or, thomas's boston journal (boston [mass.]) 1772-1775"
"528","http://www.loc.gov/resource/sn83021194/1773-12-16/ed-1/?sp=3","1773-12-16",3,"the massachusetts spy, or, thomas's boston journal (boston [mass.]) 1772-1775"
"529","http://www.loc.gov/resource/sn83021194/1774-02-17/ed-1/?sp=4","1774-02-17",4,"the massachusetts spy, or, thomas's boston journal (boston [mass.]) 1772-1775"
"530","http://www.loc.gov/resource/sn83021194/1773-09-23/ed-1/?sp=2","1773-09-23",2,"the massachusetts spy, or, thomas's boston journal (boston [mass.]) 1772-1775"
"531","http://www.loc.gov/resource/sn83021194/1774-03-03/ed-1/?sp=4","1774-03-03",4,"the massachusetts spy, or, thomas's boston journal (boston [mass.]) 1772-1775"
"532","http://www.loc.gov/resource/sn83021194/1773-06-10/ed-1/?sp=2","1773-06-10",2,"the massachusetts spy, or, thomas's boston journal (boston [mass.]) 1772-1775"
"533","http://www.loc.gov/resource/sn83021194/1773-10-14/ed-1/?sp=3","1773-10-14",3,"the massachusetts spy, or, thomas's boston journal (boston [mass.]) 1772-1775"
"534","http://www.loc.gov/resource/sn83021194/1774-02-10/ed-1/?sp=3","1774-02-10",3,"the massachusetts spy, or, thomas's boston journal (boston [mass.]) 1772-1775"
"535","http://www.loc.gov/resource/sn83025582/1775-08-15/ed-1/?sp=1","1775-08-15",1,"the new-hampshire gazette and historical chronicle (portsmouth, n.h.) 1763-1776"
"536","http://www.loc.gov/resource/sn83025582/1771-05-24/ed-1/?sp=2","1771-05-24",2,"the new-hampshire gazette and historical chronicle (portsmouth, n.h.) 1763-1776"
"537","http://www.loc.gov/resource/sn83025582/1773-11-19/ed-1/?sp=1","1773-11-19",1,"the new-hampshire gazette and historical chronicle (portsmouth, n.h.) 1763-1776"
"538","http://www.loc.gov/resource/sn83025582/1771-02-08/ed-1/?sp=2","1771-02-08",2,"the new-hampshire gazette and historical chronicle (portsmouth, n.h.) 1763-1776"
"539","http://www.loc.gov/resource/sn83025582/1774-09-16/ed-1/?sp=2","1774-09-16",2,"the new-hampshire gazette and historical chronicle (portsmouth, n.h.) 1763-1776"
"540","http://www.loc.gov/resource/sn83025582/1774-10-28/ed-1/?sp=2","1774-10-28",2,"the new-hampshire gazette and historical chronicle (portsmouth, n.h.) 1763-1776"
"541","http://www.loc.gov/resource/sn83025582/1771-03-15/ed-1/?sp=2","1771-03-15",2,"the new-hampshire gazette and historical chronicle (portsmouth, n.h.) 1763-1776"
"542","http://www.loc.gov/resource/sn83025582/1770-04-27/ed-1/?sp=2","1770-04-27",2,"the new-hampshire gazette and historical chronicle (portsmouth, n.h.) 1763-1776"
"543","http://www.loc.gov/resource/sn84024741/1774-09-29/ed-1/?sp=3","1774-09-29",3,"the virginia gazette (williamsburg, va.) 1766-1776"
"544","http://www.loc.gov/resource/sn85047530/1776-07-10/ed-1/?sp=2","1776-07-10",2,"the pennsylvania journal, or, weekly advertiser (philadelphia, pa.) 1742-1793"
"545","http://www.loc.gov/resource/sn84024739/1775-04-29/ed-1/?sp=7","1775-04-29",7,"the virginia gazette (williamsburg [va.]) 1736-1781"
"546","http://www.loc.gov/resource/sn84024739/1776-05-04/ed-1/?sp=2","1776-05-04",2,"the virginia gazette (williamsburg [va.]) 1736-1781"
"547","http://www.loc.gov/resource/sn84024739/1772-01-16/ed-1/?sp=3","1772-01-16",3,"the virginia gazette (williamsburg [va.]) 1736-1781"
"548","http://www.loc.gov/resource/sn84024739/1772-03-05/ed-1/?sp=2","1772-03-05",2,"the virginia gazette (williamsburg [va.]) 1736-1781"
"549","http://www.loc.gov/resource/sn84024741/1768-03-17/ed-1/?sp=2","1768-03-17",2,"the virginia gazette (williamsburg, va.) 1766-1776"
"550","http://www.loc.gov/resource/sn84024741/1768-08-25/ed-1/?sp=2","1768-08-25",2,"the virginia gazette (williamsburg, va.) 1766-1776"
"551","http://www.loc.gov/resource/sn83030135/1776-07-11/ed-1/?sp=2","1776-07-11",2,"the new york packet, and the american advertiser (new york [n.y.]) 1776-1784"
"552","http://www.loc.gov/resource/sn84024739/1775-10-28/ed-1/?sp=3","1775-10-28",3,"the virginia gazette (williamsburg [va.]) 1736-1781"
"553","http://www.loc.gov/resource/sn84024739/1775-10-14/ed-1/?sp=3","1775-10-14",3,"the virginia gazette (williamsburg [va.]) 1736-1781"
"554","http://www.loc.gov/resource/sn84024739/1776-03-23/ed-1/?sp=2","1776-03-23",2,"the virginia gazette (williamsburg [va.]) 1736-1781"
"555","http://www.loc.gov/resource/sn84024739/1775-06-17/ed-1/?sp=2","1775-06-17",2,"the virginia gazette (williamsburg [va.]) 1736-1781"
"556","http://www.loc.gov/resource/sn84024739/1771-07-18/ed-1/?sp=1","1771-07-18",1,"the virginia gazette (williamsburg [va.]) 1736-1781"
"557","http://www.loc.gov/resource/sn83021194/1773-03-04/ed-1/?sp=2","1773-03-04",2,"the massachusetts spy, or, thomas's boston journal (boston [mass.]) 1772-1775"
"558","http://www.loc.gov/resource/sn83021194/1773-06-10/ed-1/?sp=3","1773-06-10",3,"the massachusetts spy, or, thomas's boston journal (boston [mass.]) 1772-1775"
"559","http://www.loc.gov/resource/sn83021194/1774-02-10/ed-1/?sp=2","1774-02-10",2,"the massachusetts spy, or, thomas's boston journal (boston [mass.]) 1772-1775"
"560","http://www.loc.gov/resource/sn83021194/1774-08-18/ed-1/?sp=2","1774-08-18",2,"the massachusetts spy, or, thomas's boston journal (boston [mass.]) 1772-1775"
"561","http://www.loc.gov/resource/sn83025582/1775-11-02/ed-1/?sp=2","1775-11-02",2,"the new-hampshire gazette and historical chronicle (portsmouth, n.h.) 1763-1776"
"562","http://www.loc.gov/resource/sn83025582/1775-05-05/ed-1/?sp=1","1775-05-05",1,"the new-hampshire gazette and historical chronicle (portsmouth, n.h.) 1763-1776"
"563","http://www.loc.gov/resource/sn83025582/1770-06-15/ed-1/?sp=2","1770-06-15",2,"the new-hampshire gazette and historical chronicle (portsmouth, n.h.) 1763-1776"
"564","http://www.loc.gov/resource/sn84024739/1771-09-05/ed-1/?sp=3","1771-09-05",3,"the virginia gazette (williamsburg [va.]) 1736-1781"
"565","http://www.loc.gov/resource/sn83030135/1776-07-11/ed-1/?sp=4","1776-07-11",4,"the new york packet, and the american advertiser (new york [n.y.]) 1776-1784"
"566","http://www.loc.gov/resource/sn84024739/1773-05-27/ed-1/?sp=1","1773-05-27",1,"the virginia gazette (williamsburg [va.]) 1736-1781"
"567","http://www.loc.gov/resource/sn84024739/1773-06-17/ed-1/?sp=1","1773-06-17",1,"the virginia gazette (williamsburg [va.]) 1736-1781"
"568","http://www.loc.gov/resource/sn84024739/1775-01-28/ed-1/?sp=2","1775-01-28",2,"the virginia gazette (williamsburg [va.]) 1736-1781"
"569","http://www.loc.gov/resource/sn84024739/1775-07-22/ed-1/?sp=2","1775-07-22",2,"the virginia gazette (williamsburg [va.]) 1736-1781"
"570","http://www.loc.gov/resource/sn84024739/1775-11-04/ed-1/?sp=2","1775-11-04",2,"the virginia gazette (williamsburg [va.]) 1736-1781"
"571","http://www.loc.gov/resource/sn84024739/1776-02-17/ed-1/?sp=2","1776-02-17",2,"the virginia gazette (williamsburg [va.]) 1736-1781"
"572","http://www.loc.gov/resource/sn84024739/1774-10-27/ed-1/?sp=1","1774-10-27",1,"the virginia gazette (williamsburg [va.]) 1736-1781"
"573","http://www.loc.gov/resource/sn84024739/1775-08-26/ed-1/?sp=2","1775-08-26",2,"the virginia gazette (williamsburg [va.]) 1736-1781"
"574","http://www.loc.gov/resource/sn84024739/1776-04-20/ed-1/?sp=2","1776-04-20",2,"the virginia gazette (williamsburg [va.]) 1736-1781"
"575","http://www.loc.gov/resource/sn84024739/1768-08-25/ed-1/?sp=2","1768-08-25",2,"the virginia gazette (williamsburg [va.]) 1736-1781"
"576","http://www.loc.gov/resource/sn84024739/1771-05-23/ed-1/?sp=2","1771-05-23",2,"the virginia gazette (williamsburg [va.]) 1736-1781"
"577","http://www.loc.gov/resource/sn84024739/1771-10-31/ed-1/?sp=1","1771-10-31",1,"the virginia gazette (williamsburg [va.]) 1736-1781"
"578","http://www.loc.gov/resource/sn84024739/1772-01-23/ed-1/?sp=4","1772-01-23",4,"the virginia gazette (williamsburg [va.]) 1736-1781"
"579","http://www.loc.gov/resource/sn84024739/1769-04-27/ed-1/?sp=2","1769-04-27",2,"the virginia gazette (williamsburg [va.]) 1736-1781"
"580","http://www.loc.gov/resource/sn84024741/1774-10-27/ed-1/?sp=1","1774-10-27",1,"the virginia gazette (williamsburg, va.) 1766-1776"
"581","http://www.loc.gov/resource/sn84024741/1774-09-08/ed-1/?sp=2","1774-09-08",2,"the virginia gazette (williamsburg, va.) 1766-1776"
"582","http://www.loc.gov/resource/sn84024741/1774-10-06/ed-1/?sp=1","1774-10-06",1,"the virginia gazette (williamsburg, va.) 1766-1776"
"583","http://www.loc.gov/resource/sn84024741/1768-08-11/ed-1/?sp=2","1768-08-11",2,"the virginia gazette (williamsburg, va.) 1766-1776"
"584","http://www.loc.gov/resource/sn83021194/1774-07-07/ed-2/?sp=1","1774-07-07",1,"the massachusetts spy, or, thomas's boston journal (boston [mass.]) 1772-1775"
"585","http://www.loc.gov/resource/sn83021194/1774-07-07/ed-1/?sp=1","1774-07-07",1,"the massachusetts spy, or, thomas's boston journal (boston [mass.]) 1772-1775"
"586","http://www.loc.gov/resource/sn83021194/1774-12-16/ed-1/?sp=2","1774-12-16",2,"the massachusetts spy, or, thomas's boston journal (boston [mass.]) 1772-1775"
"587","http://www.loc.gov/resource/sn83021194/1774-12-16/ed-1/?sp=3","1774-12-16",3,"the massachusetts spy, or, thomas's boston journal (boston [mass.]) 1772-1775"
"588","http://www.loc.gov/resource/sn83025582/1770-05-04/ed-1/?sp=2","1770-05-04",2,"the new-hampshire gazette and historical chronicle (portsmouth, n.h.) 1763-1776"
"589","http://www.loc.gov/resource/sn84024739/1774-06-09/ed-1/?sp=1","1774-06-09",1,"the virginia gazette (williamsburg [va.]) 1736-1781"
"590","http://www.loc.gov/resource/sn84024739/1770-02-22/ed-1/?sp=2","1770-02-22",2,"the virginia gazette (williamsburg [va.]) 1736-1781"
"591","http://www.loc.gov/resource/sn84024741/1774-09-29/ed-1/?sp=1","1774-09-29",1,"the virginia gazette (williamsburg, va.) 1766-1776"
"592","http://www.loc.gov/resource/sn84024739/1774-05-12/ed-1/?sp=1","1774-05-12",1,"the virginia gazette (williamsburg [va.]) 1736-1781"
"593","http://www.loc.gov/resource/sn84024739/1773-01-14/ed-1/?sp=2","1773-01-14",2,"the virginia gazette (williamsburg [va.]) 1736-1781"
"594","http://www.loc.gov/resource/sn84024739/1771-08-22/ed-1/?sp=3","1771-08-22",3,"the virginia gazette (williamsburg [va.]) 1736-1781"
"595","http://www.loc.gov/resource/sn83021194/1774-03-17/ed-1/?sp=3","1774-03-17",3,"the massachusetts spy, or, thomas's boston journal (boston [mass.]) 1772-1775"
"596","http://www.loc.gov/resource/sn83021194/1774-01-13/ed-1/?sp=2","1774-01-13",2,"the massachusetts spy, or, thomas's boston journal (boston [mass.]) 1772-1775"
"597","http://www.loc.gov/resource/sn83021194/1773-03-04/ed-1/?sp=3","1773-03-04",3,"the massachusetts spy, or, thomas's boston journal (boston [mass.]) 1772-1775"
"598","http://www.loc.gov/resource/sn83021194/1774-01-13/ed-1/?sp=1","1774-01-13",1,"the massachusetts spy, or, thomas's boston journal (boston [mass.]) 1772-1775"
"599","http://www.loc.gov/resource/sn83021194/1774-12-08/ed-1/?sp=1","1774-12-08",1,"the massachusetts spy, or, thomas's boston journal (boston [mass.]) 1772-1775"
"600","http://www.loc.gov/resource/sn83021194/1774-11-10/ed-1/?sp=1","1774-11-10",1,"the massachusetts spy, or, thomas's boston journal (boston [mass.]) 1772-1775"
"601","http://www.loc.gov/resource/sn83021194/1774-08-25/ed-1/?sp=2","1774-08-25",2,"the massachusetts spy, or, thomas's boston journal (boston [mass.]) 1772-1775"
"602","http://www.loc.gov/resource/sn83021194/1774-07-28/ed-1/?sp=3","1774-07-28",3,"the massachusetts spy, or, thomas's boston journal (boston [mass.]) 1772-1775"
"603","http://www.loc.gov/resource/sn83021194/1774-12-22/ed-1/?sp=2","1774-12-22",2,"the massachusetts spy, or, thomas's boston journal (boston [mass.]) 1772-1775"
"604","http://www.loc.gov/resource/sn83021194/1774-03-03/ed-1/?sp=2","1774-03-03",2,"the massachusetts spy, or, thomas's boston journal (boston [mass.]) 1772-1775"
"605","http://www.loc.gov/resource/sn83021194/1774-05-12/ed-1/?sp=3","1774-05-12",3,"the massachusetts spy, or, thomas's boston journal (boston [mass.]) 1772-1775"
"606","http://www.loc.gov/resource/sn83021194/1774-10-27/ed-1/?sp=3","1774-10-27",3,"the massachusetts spy, or, thomas's boston journal (boston [mass.]) 1772-1775"
"607","http://www.loc.gov/resource/sn83021194/1774-04-28/ed-1/?sp=3","1774-04-28",3,"the massachusetts spy, or, thomas's boston journal (boston [mass.]) 1772-1775"
"608","http://www.loc.gov/resource/sn83021194/1774-09-08/ed-1/?sp=2","1774-09-08",2,"the massachusetts spy, or, thomas's boston journal (boston [mass.]) 1772-1775"
"609","http://www.loc.gov/resource/sn84024739/1773-06-03/ed-1/?sp=2","1773-06-03",2,"the virginia gazette (williamsburg [va.]) 1736-1781"
"610","http://www.loc.gov/resource/sn84024739/1774-09-29/ed-1/?sp=2","1774-09-29",2,"the virginia gazette (williamsburg [va.]) 1736-1781"
"611","http://www.loc.gov/resource/sn84024739/1774-12-22/ed-1/?sp=2","1774-12-22",2,"the virginia gazette (williamsburg [va.]) 1736-1781"
"612","http://www.loc.gov/resource/sn84024739/1771-08-15/ed-1/?sp=2","1771-08-15",2,"the virginia gazette (williamsburg [va.]) 1736-1781"
"613","http://www.loc.gov/resource/sn84024739/1774-11-10/ed-1/?sp=3","1774-11-10",3,"the virginia gazette (williamsburg [va.]) 1736-1781"
"614","http://www.loc.gov/resource/sn84024739/1771-06-20/ed-1/?sp=2","1771-06-20",2,"the virginia gazette (williamsburg [va.]) 1736-1781"
"615","http://www.loc.gov/resource/sn84024741/1774-09-22/ed-1/?sp=3","1774-09-22",3,"the virginia gazette (williamsburg, va.) 1766-1776"
"616","http://www.loc.gov/resource/sn84024741/1774-07-28/ed-1/?sp=3","1774-07-28",3,"the virginia gazette (williamsburg, va.) 1766-1776"
"617","http://www.loc.gov/resource/sn83021194/1774-09-22/ed-1/?sp=3","1774-09-22",3,"the massachusetts spy, or, thomas's boston journal (boston [mass.]) 1772-1775"
"618","http://www.loc.gov/resource/sn83021194/1774-06-30/ed-1/?sp=2","1774-06-30",2,"the massachusetts spy, or, thomas's boston journal (boston [mass.]) 1772-1775"
"619","http://www.loc.gov/resource/sn83021194/1774-08-18/ed-1/?sp=3","1774-08-18",3,"the massachusetts spy, or, thomas's boston journal (boston [mass.]) 1772-1775"
"620","http://www.loc.gov/resource/sn83021194/1774-10-06/ed-1/?sp=2","1774-10-06",2,"the massachusetts spy, or, thomas's boston journal (boston [mass.]) 1772-1775"
"621","http://www.loc.gov/resource/sn83021194/1774-08-25/ed-1/?sp=3","1774-08-25",3,"the massachusetts spy, or, thomas's boston journal (boston [mass.]) 1772-1775"
"622","http://www.loc.gov/resource/sn84024739/1771-07-04/ed-1/?sp=2","1771-07-04",2,"the virginia gazette (williamsburg [va.]) 1736-1781"
"623","http://www.loc.gov/resource/sn83021194/1774-07-07/ed-1/?sp=2","1774-07-07",2,"the massachusetts spy, or, thomas's boston journal (boston [mass.]) 1772-1775"
"624","http://www.loc.gov/resource/sn83021194/1774-10-06/ed-1/?sp=3","1774-10-06",3,"the massachusetts spy, or, thomas's boston journal (boston [mass.]) 1772-1775"
"625","http://www.loc.gov/resource/sn83021194/1774-11-10/ed-1/?sp=2","1774-11-10",2,"the massachusetts spy, or, thomas's boston journal (boston [mass.]) 1772-1775"
"626","http://www.loc.gov/resource/sn83021194/1774-09-15/ed-1/?sp=2","1774-09-15",2,"the massachusetts spy, or, thomas's boston journal (boston [mass.]) 1772-1775"
"627","http://www.loc.gov/resource/sn83025582/1770-03-09/ed-1/?sp=1","1770-03-09",1,"the new-hampshire gazette and historical chronicle (portsmouth, n.h.) 1763-1776"
"628","http://www.loc.gov/resource/sn83021193/1772-06-04/ed-1/?sp=1","1772-06-04",1,"the massachusetts spy (boston [mass.]) 1770-1772"
